,FIPS,x,y,cluster
0,01001,10.653442,1.6591115,6
1,01003,11.115503,6.4042225,13
2,01005,17.557978,7.9531174,11
3,01007,0.56448066,7.641349,2
4,01009,0.0051509487,7.324141,2
5,01011,17.1063,7.4785013,11
6,01013,-1.883949,3.8751838,3
7,01015,-0.49062756,7.489497,2
8,01017,13.87569,8.258948,15
9,01019,7.111282,10.052137,5
10,01021,0.16624853,5.8378897,3
11,01023,14.04225,9.429053,15
12,01025,-1.897011,3.8606277,3
13,01027,12.616617,8.034421,13
14,01029,-1.2325422,4.715098,3
15,01031,12.985935,2.5346851,1
16,01033,-0.25858894,8.156323,2
17,01035,2.4728346,2.5789971,4
18,01037,7.0534945,10.2851925,5
19,01039,-0.5174013,7.964374,2
20,01041,-0.7135545,7.8547797,2
21,01043,12.674897,-0.07388833,6
22,01045,-0.25284767,7.010875,2
23,01047,15.478212,6.26285,12
24,01049,15.337614,5.817657,12
25,01051,1.243988,5.544857,3
26,01053,16.843307,7.2186494,11
27,01055,-0.44540334,7.491732,2
28,01057,13.427461,8.069771,15
29,01059,-1.0562623,4.7764,3
30,01061,-0.6380756,7.8899155,2
31,01063,2.4759288,2.57899,4
32,01065,-1.848036,3.9222798,3
33,01067,-0.38223556,8.001769,2
34,01069,-0.2202663,6.8122263,2
35,01071,-0.6395264,7.87224,2
36,01073,0.5689413,6.3904915,2
37,01075,-0.38967118,8.006922,2
38,01077,-0.20325436,8.2203045,2
39,01079,-0.5750403,7.660199,2
40,01081,11.066897,-0.58791906,6
41,01083,1.2519397,5.5413804,3
42,01085,-1.8836818,3.8776376,3
43,01087,-0.78109396,8.1472435,2
44,01089,-0.071395606,6.000099,3
45,01091,-1.9122099,3.8522313,3
46,01093,-0.6251199,7.9134283,2
47,01095,-0.59258217,5.0661736,3
48,01097,11.694152,3.790907,0
49,01099,13.133081,8.433686,15
50,01101,11.708086,3.7756891,0
51,01103,0.028900785,7.1235857,2
52,01105,14.453418,8.874881,15
53,01107,-0.55538666,7.6958537,2
54,01109,14.42117,3.1891873,1
55,01111,-0.60796356,7.907909,2
56,01113,11.699993,-0.25920472,6
57,01115,9.589589,0.846335,10
58,01117,1.0642575,5.503717,3
59,01119,-1.8095185,3.9583068,3
60,01121,-0.51229215,7.6385155,2
61,01123,-3.0748577,13.271015,2
62,01125,-0.074500926,5.971235,3
63,01127,11.257122,6.1837335,13
64,01129,-0.64109915,7.909938,2
65,01131,-1.8450308,3.925592,3
66,01133,-3.074848,13.271016,2
67,02013,18.9305,8.880479,11
68,02016,18.930662,8.879292,11
69,02020,14.571533,-0.31678817,1
70,02050,14.08697,0.705657,1
71,02060,5.971309,1.466161,4
72,02070,14.13101,0.62885284,1
73,02090,14.598571,-0.30143332,1
74,02100,7.548739,9.883598,5
75,02110,13.645799,1.2035568,1
76,02122,13.741751,1.0662128,1
77,02130,11.834407,-2.1733522,18
78,02150,14.583679,-0.3116368,1
79,02164,13.98499,0.8245186,1
80,02170,14.627465,-0.24155216,1
81,02180,14.091355,0.69827974,1
82,02185,14.632818,-0.24280591,1
83,02188,14.087038,0.7050984,1
84,02220,13.665478,1.2079549,1
85,02240,13.8796015,0.9385346,1
86,02261,13.897832,0.92327696,1
87,02282,9.244614,9.516164,7
88,02290,13.922932,0.8985583,1
89,04001,12.630146,3.8084269,1
90,04003,0.6345733,7.8574557,2
91,04005,-0.070245974,5.955766,3
92,04007,8.110952,10.593645,5
93,04009,10.457747,-0.77699554,6
94,04011,12.80165,1.2099485,1
95,04012,6.1469917,11.146494,5
96,04013,9.888086,-4.637305,16
97,04015,5.1821175,9.814882,5
98,04017,12.590787,3.7663069,1
99,04019,9.3893175,5.024933,0
100,04021,9.782058,3.8257418,0
101,04023,14.577879,4.96213,12
102,04025,5.3436947,9.708496,5
103,04027,11.548917,1.9757476,6
104,05001,13.889669,7.224158,15
105,05003,13.278548,7.935144,15
106,05005,5.000064,9.916433,5
107,05007,9.144269,-0.80671406,10
108,05009,11.67364,8.378455,8
109,05011,-0.69636154,7.8710303,2
110,05013,12.018042,7.3242073,13
111,05015,12.505028,6.8626084,13
112,05017,-1.8597859,3.9081435,3
113,05019,14.4844,3.2657845,1
114,05021,12.350037,6.410942,13
115,05023,8.385908,11.755313,9
116,05025,12.285756,6.4004645,13
117,05027,14.509632,3.367499,1
118,05029,13.628342,6.297648,12
119,05031,0.49494356,5.5781217,3
120,05033,12.650478,3.2442462,1
121,05035,11.800937,3.715482,0
122,05037,13.990791,5.7163177,12
123,05039,14.342538,9.57435,15
124,05041,-1.912769,3.8627732,3
125,05043,14.52837,3.359464,1
126,05045,11.149545,-0.50731003,6
127,05047,13.65512,6.121525,12
128,05049,8.446595,11.423718,9
129,05051,13.455834,9.1741,15
130,05053,13.274002,2.576709,1
131,05055,13.788544,3.7889025,1
132,05057,14.745905,5.885741,12
133,05059,1.5231618,8.515296,2
134,05061,-0.948542,4.819927,3
135,05063,12.685856,3.3346522,1
136,05065,7.232136,10.38654,5
137,05067,14.635818,3.4487386,1
138,05069,14.810283,6.5369153,12
139,05071,-0.31037605,4.7843385,3
140,05073,8.733749,11.356962,9
141,05075,-0.610955,7.814236,2
142,05077,17.578718,7.9840436,11
143,05079,18.819675,8.927273,11
144,05081,12.344366,8.770483,8
145,05083,13.618688,6.316781,12
146,05085,0.31688523,5.246154,3
147,05087,15.360607,6.0007267,12
148,05089,8.415157,11.41317,9
149,05091,11.403032,4.144987,0
150,05093,-0.24205305,5.050522,3
151,05095,8.7420025,11.334367,9
152,05097,4.7313385,9.904119,5
153,05099,13.425236,8.051668,15
154,05101,8.477828,11.567704,9
155,05103,13.18243,8.59899,15
156,05105,11.186002,6.37124,13
157,05107,2.4939523,2.5809972,4
158,05109,12.318243,6.4207616,13
159,05111,-1.105242,4.72369,3
160,05113,12.682822,8.84264,8
161,05115,13.953586,3.4560487,1
162,05117,4.3330774,9.76017,5
163,05119,10.117488,1.1592194,6
164,05121,11.199272,6.367081,13
165,05123,17.20127,7.563169,11
166,05125,9.194093,0.45329395,10
167,05127,13.296343,7.4546385,15
168,05129,8.613398,11.388512,9
169,05131,12.2511215,-0.71953547,6
170,05133,11.602586,1.9822886,6
171,05135,14.019294,9.4134445,15
172,05137,8.418943,11.430313,9
173,05139,14.4180565,6.615457,12
174,05141,8.501796,11.54543,9
175,05143,10.972455,-1.9086009,18
176,05145,0.22833504,5.9859295,3
177,05147,2.4730113,2.5791907,4
178,05149,-0.9829344,4.8374257,3
179,06001,9.467979,-3.6030664,16
180,06003,6.1476426,12.710911,19
181,06005,6.494251,8.976803,5
182,06007,9.212801,5.1351476,0
183,06009,6.279778,9.415687,5
184,06011,11.42804,1.7398484,6
185,06013,9.695597,-3.8580096,16
186,06015,17.755497,9.034049,11
187,06017,10.10001,4.7857766,0
188,06019,14.187268,0.49774504,1
189,06021,11.429454,1.721301,6
190,06023,12.362077,-1.0026088,6
191,06025,11.513067,1.8962954,6
192,06027,9.05504,6.4605875,0
193,06029,14.181694,0.51171964,1
194,06031,11.404506,-2.0277734,18
195,06033,13.426603,9.189136,15
196,06035,18.942379,8.862138,11
197,06037,9.859696,-4.580911,16
198,06039,14.176966,0.49254504,1
199,06041,9.417757,-3.9213514,16
200,06043,6.3077607,9.35755,5
201,06045,9.62669,5.9038544,0
202,06047,14.186121,0.49448344,1
203,06049,8.8281145,9.413167,7
204,06051,5.9754014,1.4685147,4
205,06053,10.433516,-3.2235377,18
206,06055,9.594053,5.1580157,0
207,06057,6.224678,9.447735,5
208,06059,9.767746,-4.308219,16
209,06061,9.709683,4.843768,0
210,06063,6.4233384,11.973176,5
211,06065,9.914004,-4.690741,16
212,06067,9.966181,-4.678795,16
213,06069,8.915516,-0.9153001,10
214,06071,9.937129,-4.6868467,16
215,06073,9.816359,-4.4228196,16
216,06075,11.021447,-4.483599,16
217,06077,11.3535385,-1.9284433,18
218,06079,9.564465,4.97003,0
219,06081,9.725504,-4.023078,16
220,06083,10.3941345,-3.2682295,18
221,06085,9.808862,-4.1517143,16
222,06087,9.639929,-3.0014036,16
223,06089,9.625742,5.811393,0
224,06091,6.400905,11.93563,5
225,06093,8.520052,9.579241,5
226,06095,10.226786,-3.376075,18
227,06097,9.573366,5.0572343,0
228,06099,11.401366,-1.941883,18
229,06101,11.518568,-1.7707442,18
230,06103,11.143196,5.3124886,0
231,06105,6.7127714,12.016034,19
232,06107,14.186898,0.49540508,1
233,06109,6.30513,9.348299,5
234,06111,10.04522,-3.4898775,18
235,06113,10.983431,-0.60611147,6
236,06115,10.8179455,-0.15353677,6
237,08001,11.521345,-1.4385918,18
238,08003,11.66137,-0.4182389,6
239,08005,10.045565,-3.7612317,16
240,08007,7.831721,10.741154,5
241,08009,8.772811,11.975768,9
242,08011,18.888014,8.922509,11
243,08013,7.8048186,-3.733867,16
244,08014,8.56411,-0.6078832,10
245,08015,6.5434337,8.895476,5
246,08017,11.438319,10.81086,8
247,08019,7.731594,9.853365,5
248,08021,12.577672,3.7623894,1
249,08023,7.7875233,12.411362,9
250,08025,18.928669,8.882982,11
251,08027,6.1890855,11.593512,5
252,08029,-0.12426876,7.5179477,2
253,08031,10.940074,-0.7080998,6
254,08033,7.6271143,12.446003,9
255,08035,8.096131,-0.5056801,10
256,08037,15.549208,2.897781,1
257,08039,8.649714,-0.5159273,10
258,08041,9.323721,-0.30524832,10
259,08043,6.6086864,8.33743,5
260,08045,11.508191,-2.1582155,18
261,08047,7.752376,9.828767,5
262,08049,5.968861,1.4634511,4
263,08051,15.547869,2.9183674,1
264,08053,6.099602,12.767445,19
265,08055,6.8673,12.959604,19
266,08057,5.9138093,12.744288,19
267,08059,7.772584,-3.8638573,16
268,08061,9.514696,12.042087,9
269,08063,11.367049,10.766552,8
270,08065,10.661253,4.6618996,0
271,08067,10.356514,3.3206916,0
272,08069,10.150716,0.024558777,10
273,08071,8.482847,10.525048,5
274,08073,17.984882,9.330852,11
275,08075,6.4552193,7.9653955,5
276,08077,9.490961,4.9585123,0
277,08079,6.0455317,12.781413,19
278,08081,13.1018095,1.2845645,1
279,08083,11.128744,6.4242144,13
280,08085,-0.06046406,7.470103,2
281,08087,0.0032983846,5.3575525,3
282,08089,13.264604,8.047947,15
283,08091,7.528191,10.983456,5
284,08093,7.7746277,9.930341,5
285,08095,2.021644,7.782121,2
286,08097,6.020998,1.5015664,4
287,08099,14.605282,5.541568,12
288,08101,9.636168,5.102339,0
289,08103,13.615178,1.1839591,1
290,08105,11.654789,8.708198,8
291,08107,15.551066,2.9147239,1
292,08109,12.343361,9.034472,8
293,08111,6.8163333,9.398795,5
294,08113,15.550886,2.9173446,1
295,08115,8.901577,12.585019,9
296,08117,5.977039,1.469936,4
297,08119,7.728631,9.756813,5
298,08121,10.510151,8.319323,7
299,08123,0.3429698,5.1979113,3
300,08125,12.666916,1.3620796,1
301,09001,9.5142565,-3.5558496,16
302,09003,10.181089,-4.294909,16
303,09005,10.47219,4.4847164,0
304,09007,9.262209,-3.0476313,16
305,09009,10.186861,-4.336435,16
306,09011,10.267666,3.8547518,0
307,09013,8.96806,-3.2152574,16
308,09015,11.495375,-3.442608,18
309,10001,-0.49663767,6.4872704,2
310,10003,10.272066,-4.201196,16
311,10005,16.884426,-0.66322637,14
312,11001,11.024478,-4.4855247,16
313,12001,-6.2407336,5.326504,3
314,12003,9.910484,-0.008096915,10
315,12005,12.307174,-0.54426605,6
316,12007,17.853477,8.733697,11
317,12009,16.845695,-0.62467605,14
318,12011,9.971089,-4.653238,16
319,12013,17.927305,8.666717,11
320,12015,6.4173455,11.173334,5
321,12017,6.4368215,11.149387,5
322,12019,8.76863,-0.041959733,10
323,12021,5.427245,9.659055,5
324,12023,11.343216,5.4596496,0
325,12027,18.08457,8.702216,11
326,12029,6.6517177,8.907832,5
327,12031,9.990304,-4.6576443,16
328,12033,12.698369,-0.016159948,6
329,12035,5.4491596,9.6546755,5
330,12037,6.682966,8.95492,5
331,12039,15.260135,6.422361,12
332,12041,12.544488,4.588331,0
333,12043,6.6419196,8.86213,5
334,12045,6.6955266,8.495636,5
335,12047,18.064817,8.697494,11
336,12049,14.350159,4.0536423,1
337,12051,14.335052,4.019346,1
338,12053,16.870762,-0.6497399,14
339,12055,6.5050273,11.108947,5
340,12057,9.969026,-4.6778455,16
341,12059,16.404757,7.621975,11
342,12061,5.425507,9.66416,5
343,12063,17.936996,8.597854,11
344,12065,6.609707,8.7844,5
345,12067,18.0314,9.332359,11
346,12069,16.880209,-0.6595867,14
347,12071,16.87188,-0.65100646,14
348,12073,-6.2406983,5.326501,3
349,12075,8.629495,11.405015,9
350,12077,17.995834,9.375646,11
351,12079,16.047611,7.7695174,11
352,12081,16.868412,-0.64767975,14
353,12083,16.874348,-0.65333927,14
354,12085,5.4318905,9.660017,5
355,12086,9.9466915,-4.65773,16
356,12087,7.0956774,9.482862,5
357,12089,9.903637,3.675214,0
358,12091,9.463667,4.842941,0
359,12093,16.47252,7.434201,11
360,12095,9.990243,-4.642,16
361,12097,10.970933,-2.0231924,18
362,12099,16.845543,-0.62448484,14
363,12101,16.853909,-0.63402486,14
364,12103,16.843678,-0.62273824,14
365,12105,16.852638,-0.6327105,14
366,12107,12.543107,7.0467596,13
367,12109,8.888607,-0.37404397,10
368,12111,16.851225,-0.6331251,14
369,12113,9.806216,-0.113439344,10
370,12115,6.4141665,11.16134,5
371,12117,10.345629,-2.9931076,18
372,12119,6.4173284,11.158106,5
373,12121,13.217498,7.4091787,15
374,12123,16.587164,7.8580613,11
375,12125,18.896252,8.893321,11
376,12127,16.845404,-0.62443125,14
377,12129,9.853426,-0.05957659,10
378,12131,9.853236,8.5726185,7
379,12133,17.95235,8.703821,11
380,13001,14.776359,5.5929523,12
381,13003,14.458239,4.52299,12
382,13005,14.268893,4.7885356,12
383,13007,-0.7742888,8.141274,2
384,13009,14.480987,3.2725644,1
385,13011,13.04623,4.153492,1
386,13013,9.1374035,-0.89155555,10
387,13015,9.943922,-0.5661091,10
388,13017,15.5112295,6.076762,12
389,13019,14.984159,5.5686393,12
390,13023,14.207352,3.0102925,1
391,13025,13.660084,4.112211,1
392,13027,13.973412,7.1358485,15
393,13029,8.34169,-0.96312857,10
394,13031,13.714277,-2.4609497,14
395,13033,-0.2724873,4.9698033,3
396,13035,12.435046,4.662527,0
397,13037,16.847054,7.4754844,11
398,13039,10.0564,-0.5130708,10
399,13043,14.993849,5.561403,12
400,13045,11.422296,-0.44413257,6
401,13047,9.665563,0.9373281,10
402,13049,18.080877,9.232593,11
403,13051,11.323937,-3.1067357,18
404,13055,16.335957,7.4793577,11
405,13057,8.687868,1.7165431,17
406,13059,14.136125,-2.832986,14
407,13061,8.668064,11.483227,9
408,13063,11.426162,-0.3322465,6
409,13065,15.390059,5.86803,12
410,13067,9.992482,-3.6822445,16
411,13069,14.242012,3.8862114,1
412,13071,-0.3021024,4.7526016,3
413,13073,8.630977,-0.81573457,10
414,13075,14.277344,4.7152977,12
415,13077,9.071002,-0.5433631,10
416,13079,10.972448,6.7887444,13
417,13081,15.580126,6.175553,12
418,13083,10.38174,4.677783,0
419,13085,9.432985,2.4046218,17
420,13087,15.377531,5.83854,12
421,13089,10.558789,-4.098172,16
422,13091,17.633318,8.044789,11
423,13093,17.869291,8.434822,11
424,13095,11.440273,4.0907044,0
425,13097,9.828885,-0.6724541,10
426,13099,13.312948,8.543337,15
427,13103,9.084854,-0.96211475,10
428,13105,13.889136,7.1492615,15
429,13107,-0.31616756,4.8055305,3
430,13109,14.499241,4.699448,12
431,13111,6.565975,10.453315,5
432,13113,9.122558,1.9079846,17
433,13115,15.24985,4.975376,12
434,13117,8.152919,-0.4236568,10
435,13119,13.348259,3.8195996,1
436,13121,10.493429,-4.1158433,16
437,13123,7.978311,10.134571,5
438,13125,12.413442,7.8346195,13
439,13127,11.573414,4.8979917,0
440,13129,11.651834,-0.42193827,6
441,13131,13.880666,5.657654,12
442,13133,5.4806724,9.655208,5
443,13135,8.23923,-1.6410207,10
444,13137,-0.16294867,7.361592,2
445,13139,9.507263,-0.8346027,10
446,13141,6.675246,8.924384,5
447,13143,12.860833,3.3837543,1
448,13145,10.256804,3.6475585,0
449,13147,12.174091,6.6106396,13
450,13149,13.2988,3.886011,1
451,13151,8.68627,-0.80374867,10
452,13153,9.838273,-0.582815,10
453,13155,16.488285,7.451354,11
454,13157,8.909991,-0.67509496,10
455,13159,13.187845,3.064455,1
456,13161,15.056648,5.502482,12
457,13163,13.565739,7.6445003,15
458,13165,17.457506,7.841783,11
459,13167,17.668526,8.092949,11
460,13169,11.7695,4.331293,0
461,13171,14.194708,3.0070875,1
462,13173,14.162498,3.666781,1
463,13175,14.042941,5.670576,12
464,13177,9.776509,-0.5501327,10
465,13179,11.2454,-0.17186576,6
466,13181,7.108866,10.04999,5
467,13183,11.286937,-0.19655973,6
468,13185,11.309484,-0.3939464,6
469,13187,13.938495,-2.5937505,14
470,13189,14.444272,6.5426626,12
471,13191,6.673704,10.415573,5
472,13193,17.432707,7.9154305,11
473,13195,13.268092,3.8782792,1
474,13197,13.3604355,8.319095,15
475,13199,13.427355,8.075676,15
476,13201,12.724199,8.805366,8
477,13205,16.58781,7.4511867,11
478,13207,10.1926775,3.7081997,0
479,13209,16.501917,7.438375,11
480,13211,9.71335,1.6318308,17
481,13213,13.81169,3.436421,1
482,13215,11.62284,-0.57945657,6
483,13217,9.828603,-0.66256404,10
484,13219,8.123046,-0.5777477,10
485,13221,11.801636,5.553431,0
486,13223,0.34710783,5.189223,3
487,13225,15.184783,4.9240584,12
488,13227,9.919323,3.6865964,0
489,13229,12.675178,3.2262766,1
490,13231,9.596836,1.6495318,17
491,13233,12.684864,3.2179239,1
492,13235,13.828694,9.204398,15
493,13237,7.1087394,10.0481825,5
494,13241,7.335768,12.24375,19
495,13243,2.4727006,2.5791674,4
496,13245,-0.68496346,4.860191,3
497,13247,9.842542,-0.6574917,10
498,13249,13.735646,5.57909,12
499,13251,15.338291,6.7408743,12
500,13253,8.690005,11.357948,9
501,13255,12.6898365,3.2256095,1
502,13257,12.133314,5.818046,0
503,13259,18.871021,8.92397,11
504,13261,13.454278,5.603017,12
505,13263,12.509836,7.6168795,13
506,13265,7.3651924,10.525518,5
507,13267,18.223066,8.991151,11
508,13269,13.2298355,8.534459,15
509,13271,17.75128,8.215653,11
510,13273,13.747629,7.3798766,15
511,13275,13.961912,5.685556,12
512,13277,11.695892,-0.4630322,6
513,13279,14.446613,4.8372774,12
514,13281,6.5267015,10.4885,5
515,13283,15.649999,6.1729655,12
516,13285,11.679572,-0.4136243,6
517,13287,15.610515,6.1554117,12
518,13289,12.608425,7.636262,13
519,13291,6.4364295,10.57282,5
520,13293,13.361363,5.541045,12
521,13295,12.686889,-0.019348547,6
522,13297,9.215205,-0.611035,10
523,13299,15.364029,5.8268504,12
524,13301,14.413702,9.319113,15
525,13303,16.448488,7.45948,11
526,13305,12.117451,-0.5531231,6
527,13309,18.83618,8.946746,11
528,13311,7.9930935,10.170448,5
529,13313,13.697693,3.31132,1
530,13315,18.059553,8.697351,11
531,13317,14.354898,9.645595,15
532,13319,13.624146,7.5413566,15
533,13321,13.352165,5.592238,12
534,15001,13.224013,2.586537,1
535,15003,9.751201,-3.8135731,16
536,15007,13.701324,1.6345416,1
537,15009,9.745835,5.744208,0
538,16001,9.413024,-0.6063803,10
539,16003,7.8588862,10.742941,5
540,16005,11.5420685,-1.7612594,18
541,16007,11.17796,11.2530985,8
542,16009,10.860282,10.165658,8
543,16011,11.343183,1.2453624,6
544,16013,9.706535,5.7809,0
545,16015,7.804928,10.576302,5
546,16017,8.394795,10.476497,5
547,16019,11.105115,0.6521966,6
548,16021,12.7141695,6.714392,13
549,16023,10.8562975,10.483409,8
550,16025,11.160443,11.265973,8
551,16027,11.064348,0.6050844,6
552,16029,12.988554,1.4852444,1
553,16031,11.321592,1.2077383,6
554,16033,12.087972,10.496657,8
555,16035,8.401366,10.556439,5
556,16037,7.9002037,12.385175,9
557,16039,13.101423,1.2807294,1
558,16041,7.8232164,1.9457694,17
559,16043,11.943202,10.542769,8
560,16045,12.8034315,6.6260233,13
561,16047,12.192927,2.273881,1
562,16049,9.007744,6.4951315,0
563,16051,7.817503,1.9383786,17
564,16053,11.39166,0.89322424,6
565,16055,8.97888,0.7399133,10
566,16057,10.736694,-0.54060036,6
567,16059,8.110718,10.596524,5
568,16061,9.616931,10.877525,7
569,16063,11.397883,1.3188933,6
570,16065,11.259114,-0.24732146,6
571,16067,11.42397,1.253242,6
572,16069,10.018175,7.9015684,7
573,16071,11.873419,2.07428,1
574,16073,12.678964,2.7161682,1
575,16075,12.989008,2.4479566,1
576,16077,11.314951,1.2068712,6
577,16079,0.35582858,8.118676,2
578,16081,10.059444,-0.5333953,10
579,16083,11.345382,1.443546,6
580,16085,5.9549155,12.656576,19
581,16087,12.575233,6.805134,13
582,17001,9.73549,6.031435,0
583,17003,12.914573,8.837961,8
584,17005,11.770252,4.902874,0
585,17007,8.6633415,2.1437054,17
586,17009,18.911615,8.882751,11
587,17011,9.901114,6.2719135,0
588,17013,10.000204,9.568073,7
589,17015,4.2865014,9.718346,5
590,17017,12.830598,1.9673531,1
591,17019,-6.240701,5.3265014,3
592,17021,9.453064,7.155873,0
593,17023,9.923002,6.2905593,0
594,17025,11.665808,8.3791895,8
595,17027,0.57097805,6.660808,2
596,17029,14.466941,3.240126,1
597,17031,9.900553,-4.6307306,16
598,17033,0.51509595,7.482459,2
599,17035,9.9720955,6.2391634,0
600,17037,10.522335,-2.4127846,18
601,17039,9.73892,6.585062,0
602,17041,12.858031,1.8671163,1
603,17043,9.4367695,-3.6493864,16
604,17045,-0.08665131,8.299195,2
605,17047,0.95924866,7.4201274,2
606,17049,13.123522,1.8212363,1
607,17051,9.584972,7.164014,0
608,17053,9.951182,6.2958627,0
609,17055,-0.081438124,-2.9524567,4
610,17057,9.249393,7.311667,0
611,17059,8.684147,10.640391,5
612,17061,10.322864,6.4704027,0
613,17063,8.53844,-0.02473538,10
614,17065,10.202651,9.629345,7
615,17067,10.046984,9.553422,7
616,17069,7.878592,11.178602,5
617,17071,12.065884,6.590236,13
618,17073,9.820043,6.1666374,0
619,17075,9.661812,6.6813545,0
620,17077,8.875869,5.2219343,0
621,17079,10.729954,6.5472207,13
622,17081,11.377593,5.556702,0
623,17083,10.298395,5.8815994,0
624,17085,8.814429,12.410222,9
625,17087,9.332883,7.2405725,0
626,17089,9.787813,-3.4976122,16
627,17091,13.321755,2.809149,1
628,17093,8.17271,-0.5879546,10
629,17095,0.18911862,7.901574,2
630,17097,0.1667936,5.5844216,3
631,17099,10.4069605,5.9896326,0
632,17101,11.642144,4.6866617,0
633,17103,8.806946,7.648538,7
634,17105,10.012181,6.2325406,0
635,17107,11.7039995,4.9394865,0
636,17109,8.875251,5.221178,0
637,17111,9.5515175,-3.39833,16
638,17113,-0.075517446,5.9621167,3
639,17115,9.377389,5.0611763,0
640,17117,11.181873,7.530487,13
641,17119,9.104967,5.236007,0
642,17121,-0.3973499,7.9994016,2
643,17123,10.028154,9.4891,7
644,17125,11.296986,7.756514,13
645,17127,-0.08145876,-2.952381,4
646,17129,9.975934,6.3956194,0
647,17131,9.9316635,6.2681246,0
648,17133,9.195641,-3.1777775,16
649,17135,9.35162,7.224043,0
650,17137,0.2731476,7.7766757,2
651,17139,1.0208318,6.9418964,2
652,17141,13.717819,1.5957391,1
653,17143,13.232911,2.7463906,1
654,17145,6.4216228,7.9284945,5
655,17147,9.981099,6.336596,0
656,17149,12.30514,8.708086,8
657,17151,6.312759,9.357316,5
658,17153,-0.08144044,-2.9523408,4
659,17155,9.5764265,9.063985,7
660,17157,6.4287143,7.9361534,5
661,17159,11.686907,8.3714075,8
662,17161,-0.97875303,6.558777,2
663,17163,11.291221,4.272046,0
664,17165,-0.081448935,-2.9523745,4
665,17167,11.148636,4.634996,0
666,17169,7.4570065,8.566264,5
667,17171,10.685687,6.6955323,13
668,17173,9.731264,8.120011,7
669,17175,9.641777,6.7133236,0
670,17177,1.8520209,8.522764,2
671,17179,9.877503,6.0684776,0
672,17181,11.263141,7.6860223,13
673,17183,11.198236,5.3264794,0
674,17185,11.638662,8.372073,8
675,17187,10.638503,6.6841235,13
676,17189,0.725923,7.195903,2
677,17191,11.75906,8.435649,8
678,17193,0.8922269,7.462506,2
679,17195,9.894951,6.2667046,0
680,17197,9.839064,-3.5114684,16
681,17199,11.400017,5.5827875,0
682,17201,11.336689,4.2363853,0
683,17203,8.589407,2.1562314,17
684,18001,11.406192,1.0559372,6
685,18003,11.269784,-1.7824423,18
686,18005,12.4035845,2.232646,1
687,18007,12.759389,2.081666,1
688,18009,12.307562,6.388482,13
689,18011,0.91710955,5.2008004,3
690,18013,7.726373,9.710618,5
691,18015,0.5538769,7.1711903,2
692,18017,11.837535,4.3324842,0
693,18019,10.44683,-2.7074988,18
694,18021,11.622275,4.439868,0
695,18023,12.226521,2.383209,1
696,18025,12.318954,6.1605387,13
697,18027,11.435382,1.0827355,6
698,18029,1.137712,6.249662,3
699,18031,12.415156,2.252138,1
700,18033,8.696635,2.1622758,17
701,18035,8.8729925,5.219957,0
702,18037,8.620849,2.13411,17
703,18039,11.60615,-1.6433319,18
704,18041,11.893148,5.796287,0
705,18043,10.465643,-2.7064593,18
706,18045,10.894404,6.6867886,13
707,18047,13.407619,1.8552157,1
708,18049,9.053103,8.307566,7
709,18051,0.75763184,7.028456,2
710,18053,13.372073,5.561044,12
711,18055,11.368738,5.796438,0
712,18057,0.93561155,5.1874866,3
713,18059,9.307068,1.7398221,17
714,18061,9.062253,2.3423233,17
715,18063,8.689721,1.719382,17
716,18065,12.01052,5.0295253,0
717,18067,10.680645,6.7211213,13
718,18069,12.53379,-0.23520586,6
719,18071,12.451565,2.2265837,1
720,18073,1.1529933,6.329752,3
721,18075,13.044316,2.6164365,1
722,18077,11.622412,4.4447303,0
723,18079,0.39004266,5.944726,3
724,18081,9.124192,-0.8174387,10
725,18083,-0.2564645,7.1503596,2
726,18085,0.8332228,6.0561204,3
727,18087,11.423984,0.83573556,6
728,18089,0.57909596,6.381304,2
729,18091,-0.7928798,6.89363,2
730,18093,10.912804,6.662708,13
731,18095,10.456122,6.7665467,13
732,18097,11.105624,-3.0031908,18
733,18099,1.1450236,6.614878,2
734,18101,9.057738,8.318723,7
735,18103,0.546311,7.6314397,2
736,18105,7.5875793,-3.429729,16
737,18107,13.541026,2.2160459,1
738,18109,10.118846,-0.33539683,10
739,18111,11.377004,4.397945,0
740,18113,8.656642,2.1358986,17
741,18115,10.205223,7.8297334,7
742,18117,-1.2340719,4.7141876,3
743,18119,10.870255,6.8102045,13
744,18121,11.52109,4.8504877,0
745,18123,12.09946,4.9771857,0
746,18125,10.862021,6.6464744,13
747,18127,9.411726,0.6050524,10
748,18129,9.138139,2.73351,17
749,18131,10.910387,6.6842165,13
750,18133,9.429749,1.4286315,17
751,18135,13.111147,6.531731,12
752,18137,1.076115,6.015925,3
753,18139,1.0887406,6.0063667,3
754,18141,11.120421,-3.0474544,18
755,18143,0.26624352,5.9686947,3
756,18145,13.459264,1.9985052,1
757,18147,13.104985,1.9383895,1
758,18149,10.844852,6.787056,13
759,18151,9.715935,8.744083,7
760,18153,11.657516,4.7659883,0
761,18155,14.110389,5.979627,12
762,18157,-0.082400195,5.943152,3
763,18159,10.075829,7.855354,7
764,18161,12.350386,7.78294,13
765,18163,11.304298,-3.0461977,18
766,18165,11.216776,7.61416,13
767,18167,11.770128,-0.078983776,6
768,18169,10.9058895,6.7528167,13
769,18171,12.880291,1.864131,1
770,18173,9.268303,0.44263995,10
771,18175,0.33248454,5.9519315,3
772,18177,11.232922,6.2454185,13
773,18179,12.776175,1.9125872,1
774,18181,11.904202,10.508995,8
775,18183,12.49825,1.4297001,1
776,19001,8.893327,8.0600395,7
777,19003,9.686822,10.835857,7
778,19005,1.2765121,6.757717,2
779,19007,9.686605,10.839502,7
780,19009,8.838067,8.10114,7
781,19011,13.661953,1.5813501,1
782,19013,12.2943535,-0.98075825,6
783,19015,9.164885,2.795735,17
784,19017,13.661627,1.6445844,1
785,19019,1.0130688,6.930478,2
786,19021,1.0550116,6.2920136,3
787,19023,10.226596,9.622068,7
788,19025,9.571128,10.900206,7
789,19027,10.996956,10.428938,8
790,19029,10.931075,10.346758,8
791,19031,13.696062,1.593138,1
792,19033,10.147548,9.1621,7
793,19035,10.16489,9.505568,7
794,19037,8.502227,8.008238,7
795,19039,12.73994,2.1032302,1
796,19041,10.3143835,9.71158,7
797,19043,9.115692,8.163756,7
798,19045,9.635173,5.9246373,0
799,19047,12.448829,2.9467187,1
800,19049,8.337472,-0.9199766,10
801,19051,12.00905,1.4019486,6
802,19053,12.864477,7.4336715,13
803,19055,11.865008,10.502358,8
804,19057,9.656388,5.94525,0
805,19059,7.2472324,12.440347,19
806,19061,10.493198,-2.5588515,18
807,19063,10.136441,9.318453,7
808,19065,1.312755,8.323202,2
809,19067,11.0104685,10.166128,8
810,19069,10.349954,9.750994,7
811,19071,10.166099,9.578303,7
812,19073,10.978182,10.349804,8
813,19075,8.48017,8.020294,7
814,19077,8.89913,8.138353,7
815,19079,1.1405196,7.137734,2
816,19081,8.902907,7.898631,7
817,19083,10.178092,9.327229,7
818,19085,1.1722047,6.9544225,2
819,19087,12.187426,4.897213,0
820,19089,11.060991,10.4547825,8
821,19091,11.0455065,10.395931,8
822,19093,11.087448,10.42743,8
823,19095,0.8816288,6.9840703,2
824,19097,11.039181,9.9440975,8
825,19099,10.279605,7.1458716,13
826,19101,6.705972,8.634559,5
827,19103,7.7503047,-3.3499134,16
828,19105,1.2788403,8.31396,2
829,19107,10.884792,10.162833,8
830,19109,10.183611,9.491623,7
831,19111,11.367894,5.714514,0
832,19113,10.498477,-2.5655186,18
833,19115,13.531818,2.2209005,1
834,19117,10.851489,10.1993475,8
835,19119,12.849729,1.5406533,1
836,19121,12.486576,0.95095944,1
837,19123,13.222805,1.9164007,1
838,19125,1.0847044,6.183411,3
839,19127,11.848897,-1.4347982,18
840,19129,13.616194,1.5976197,1
841,19131,11.111971,10.361039,8
842,19133,9.355237,12.660849,9
843,19135,11.837308,10.539484,8
844,19137,11.119623,9.994419,8
845,19139,11.804401,-1.4841564,18
846,19141,1.256884,6.7645435,2
847,19143,11.172773,10.468632,8
848,19145,1.3389562,8.350749,2
849,19147,10.6909275,9.917493,8
850,19149,13.6244335,1.5595348,1
851,19151,10.489011,10.164907,8
852,19153,11.216998,-2.27499,18
853,19155,11.368207,4.234177,0
854,19157,10.368722,4.282686,0
855,19159,9.579714,10.864793,7
856,19161,2.193359,8.296312,2
857,19163,10.4897175,-2.5786352,18
858,19165,8.891975,8.066025,7
859,19167,1.2601722,5.69117,3
860,19169,7.603015,-3.4147418,16
861,19171,11.173839,10.2335615,8
862,19173,10.840039,10.263596,8
863,19175,11.663809,8.331521,8
864,19177,10.615917,10.126585,8
865,19179,10.429386,6.9835224,13
866,19181,1.1679138,5.456892,3
867,19183,12.774429,1.7471156,1
868,19185,11.313642,10.634628,8
869,19187,9.473713,5.7389326,0
870,19189,8.975283,7.9301496,7
871,19191,10.363909,3.9870703,0
872,19193,11.55014,-1.7065952,18
873,19195,10.070065,7.984221,7
874,19197,2.0316834,7.8996406,2
875,20001,-0.40241998,7.9968557,2
876,20003,2.0373445,7.5974636,2
877,20005,13.2614155,2.7541974,1
878,20007,10.048452,10.598425,7
879,20009,1.214874,7.2256036,2
880,20011,12.0351095,9.136865,8
881,20013,11.263859,10.655242,8
882,20015,1.120454,6.1274676,3
883,20017,9.193119,12.745196,9
884,20019,2.787243,8.704609,2
885,20021,12.338283,8.775299,8
886,20023,9.304254,12.711358,9
887,20025,10.957611,10.649,8
888,20027,2.010982,7.9175572,2
889,20029,9.717422,10.822746,7
890,20031,0.74413776,7.197377,2
891,20033,2.481358,8.480808,2
892,20035,13.1329155,2.2522647,1
893,20037,0.31037727,5.9858875,3
894,20039,2.791483,8.707618,2
895,20041,1.0678079,7.1418214,2
896,20043,0.22070202,7.536402,2
897,20045,7.711681,-3.3750305,16
898,20047,10.101565,10.509171,7
899,20049,8.097945,12.792166,9
900,20051,0.37393555,6.058758,3
901,20053,1.4825492,8.453001,2
902,20055,11.379288,0.59144336,6
903,20057,11.154817,0.6224921,6
904,20059,13.090296,1.8288319,1
905,20061,11.278918,-0.07525549,6
906,20063,2.018165,7.930396,2
907,20065,2.774743,8.694377,2
908,20067,11.605638,0.7294912,6
909,20069,8.166149,2.1960232,17
910,20071,11.26622,11.160126,8
911,20073,8.775589,11.996787,9
912,20075,11.878054,1.3181871,6
913,20077,2.027256,7.909102,2
914,20079,1.0080097,6.9122066,2
915,20081,12.700482,1.2791499,1
916,20083,10.517004,10.227626,8
917,20085,1.0138464,6.918939,2
918,20087,0.9968703,6.710109,2
919,20089,8.008469,12.765099,9
920,20091,0.2862333,5.536691,3
921,20093,11.968722,1.3232301,6
922,20095,10.420239,9.824677,8
923,20097,11.05035,10.405057,8
924,20099,12.019018,9.121386,8
925,20101,9.274149,9.524408,7
926,20103,9.718432,-0.27458888,10
927,20105,2.4522803,8.461633,2
928,20107,0.26023927,8.166441,2
929,20109,2.0204353,7.9127135,2
930,20111,14.242465,3.4379294,1
931,20113,0.9769325,7.0069833,2
932,20115,1.6622869,8.27714,2
933,20117,2.0414307,7.653986,2
934,20119,1.0723988,6.9413586,2
935,20121,12.48475,0.94614226,1
936,20123,9.569645,10.89376,7
937,20125,12.011834,9.159904,8
938,20127,9.466908,12.077949,9
939,20129,1.9705963,7.9029016,2
940,20131,2.0222077,7.28605,2
941,20133,1.1961523,7.235305,2
942,20135,8.964052,12.708463,9
943,20137,7.3863797,8.368912,5
944,20139,0.20473772,7.5694304,2
945,20141,2.8079882,8.723343,2
946,20143,1.2551548,6.562373,2
947,20145,7.299913,8.48991,5
948,20147,9.5442295,12.029314,9
949,20149,1.2474297,5.618213,3
950,20151,11.112699,10.28176,8
951,20153,9.562373,12.954647,9
952,20155,1.2064242,7.2112284,2
953,20157,2.5596116,8.535668,2
954,20159,0.787105,7.214553,2
955,20161,13.934982,-2.6408484,14
956,20163,1.9203142,8.464047,2
957,20165,2.4976625,8.483671,2
958,20167,9.702194,10.825676,7
959,20169,10.517008,-2.5430064,18
960,20171,12.7804575,1.5682288,1
961,20173,11.195451,-1.8063065,18
962,20175,11.4261265,0.54132336,6
963,20177,-0.5877674,6.63256,2
964,20179,2.0219448,7.9138303,2
965,20181,11.948239,9.191376,8
966,20183,8.953258,12.667379,9
967,20185,2.0025496,7.9377995,2
968,20187,11.175069,9.963326,8
969,20189,12.112551,1.3878415,6
970,20191,12.048337,9.377218,8
971,20193,0.7299234,7.0504847,2
972,20195,8.968944,12.240988,9
973,20197,0.8597846,7.033306,2
974,20199,9.992917,12.335191,9
975,20201,9.5723505,10.863614,7
976,20203,11.172676,9.885928,8
977,20205,1.9287236,7.878751,2
978,20207,8.754798,11.779014,9
979,20209,0.5102159,5.5869904,3
980,21001,14.914914,6.453553,12
981,21003,13.47356,3.9551122,1
982,21005,10.0957985,-0.3920462,10
983,21007,11.231312,7.6580777,13
984,21009,13.654119,4.1408014,1
985,21011,14.579512,6.5027905,12
986,21013,14.493219,8.880437,15
987,21015,9.341882,-0.15040904,10
988,21017,13.5002985,5.709847,12
989,21019,9.18762,5.1979413,0
990,21021,-0.1537971,8.155364,2
991,21023,13.539761,2.009685,1
992,21025,14.491557,8.874981,15
993,21027,13.73943,6.6216846,12
994,21029,9.578694,0.6312926,10
995,21031,14.771396,6.520169,12
996,21033,13.646684,6.7076783,12
997,21035,14.434104,3.2109916,1
998,21037,8.316167,-3.176294,16
999,21039,12.98699,7.900637,15
1000,21041,13.83134,3.8011034,1
1001,21043,15.506348,6.881558,12
1002,21045,15.610019,6.1513805,12
1003,21047,0.42168343,5.4389815,3
1004,21049,12.696855,0.039590497,6
1005,21051,17.051672,7.438772,11
1006,21053,-1.8462436,3.9242582,3
1007,21055,12.38279,6.2577534,13
1008,21057,13.256942,8.464587,15
1009,21059,10.590461,-2.463539,18
1010,21061,12.27572,6.412389,13
1011,21063,17.83894,8.38491,11
1012,21065,15.3538065,6.7552886,12
1013,21069,14.00622,5.7569423,12
1014,21071,14.595124,8.768986,15
1015,21073,11.792553,5.5272217,0
1016,21075,14.458796,8.885661,15
1017,21077,13.79858,3.5325212,1
1018,21079,12.059959,4.2777166,0
1019,21081,13.586796,3.1951237,1
1020,21083,13.540073,6.1033573,12
1021,21085,14.799184,6.5279427,12
1022,21087,1.747781,8.6397295,2
1023,21089,-0.34421363,8.107632,2
1024,21091,13.005073,1.7944233,1
1025,21093,9.6392565,0.8735631,10
1026,21095,15.481069,6.33186,12
1027,21097,13.7810335,2.0166194,1
1028,21099,15.018874,5.5747123,12
1029,21101,10.5404215,-2.5089169,18
1030,21103,13.245993,2.7602186,1
1031,21105,14.359778,9.597821,15
1032,21107,13.352542,5.549427,12
1033,21109,15.344543,6.7351522,12
1034,21111,-0.6988966,6.0928807,2
1035,21113,9.558262,-0.8024684,10
1036,21115,14.072045,7.056395,15
1037,21117,10.629484,-2.4733872,18
1038,21119,14.495625,8.874803,15
1039,21121,15.530797,6.272652,12
1040,21123,11.983048,4.2885327,0
1041,21125,15.22506,5.0083857,12
1042,21127,15.511018,6.169904,12
1043,21129,17.05151,7.430784,11
1044,21131,14.488817,8.880946,15
1045,21133,14.54852,8.830608,15
1046,21135,15.481929,6.857944,12
1047,21137,15.358565,6.005911,12
1048,21139,12.187034,6.4432974,13
1049,21141,13.685069,6.123581,12
1050,21143,7.0188217,8.7331505,5
1051,21145,11.221103,7.654967,13
1052,21147,17.050587,7.456626,11
1053,21149,13.175034,2.6854887,1
1054,21151,10.830854,-0.5068711,6
1055,21153,15.505785,6.884629,12
1056,21155,13.837087,3.8850281,1
1057,21157,11.109654,7.467082,13
1058,21159,17.50835,7.8961406,11
1059,21161,13.385243,5.55119,12
1060,21163,8.659558,-0.4630276,10
1061,21165,14.25294,8.712101,15
1062,21167,11.602245,4.442252,0
1063,21169,13.512735,7.5033426,15
1064,21171,13.634086,7.481375,15
1065,21173,11.662533,-0.41871715,6
1066,21175,18.045298,8.681071,11
1067,21177,11.995892,5.1891856,0
1068,21179,9.601565,0.77116686,10
1069,21181,15.02202,5.62606,12
1070,21183,13.76657,5.772055,12
1071,21185,8.308585,-0.44585708,10
1072,21187,12.221906,5.919494,0
1073,21189,13.606865,7.532794,15
1074,21191,11.568539,4.4396634,0
1075,21193,14.818284,6.4372907,12
1076,21195,15.1258745,6.5457783,12
1077,21197,15.071465,5.6071506,12
1078,21199,13.366789,5.527302,12
1079,21201,12.483588,7.9749284,13
1080,21203,15.173934,6.5011797,12
1081,21205,10.426259,0.8534205,6
1082,21207,13.67652,8.064297,15
1083,21209,9.049357,-0.88595104,10
1084,21211,8.893865,-0.2853273,10
1085,21213,10.723393,1.6866931,6
1086,21215,8.629042,-0.46922937,10
1087,21217,13.678662,4.2312684,1
1088,21219,12.21477,2.239764,1
1089,21221,9.450418,9.758518,7
1090,21223,0.67220074,6.3738446,2
1091,21225,11.606556,4.4969316,0
1092,21227,10.915619,-0.490676,6
1093,21229,12.914328,3.4052563,1
1094,21231,14.419999,9.227935,15
1095,21233,14.020819,6.0526843,12
1096,21235,14.429273,4.492232,12
1097,21237,14.504215,8.879378,15
1098,21239,10.316392,3.732197,0
1099,22001,-0.28523377,4.741114,3
1100,22003,18.15942,8.904555,11
1101,22005,0.4907363,5.163468,3
1102,22007,14.623043,7.8596025,15
1103,22009,16.83215,7.09035,11
1104,22011,13.313606,2.879573,1
1105,22013,13.176087,8.635213,15
1106,22015,10.981145,-1.6164086,18
1107,22017,11.697901,3.7929935,0
1108,22019,-0.17999966,5.598906,3
1109,22021,16.308033,7.4601407,11
1110,22023,10.306292,6.2810674,0
1111,22025,17.168644,7.6554227,11
1112,22027,17.815752,8.348917,11
1113,22029,16.818268,7.077081,11
1114,22031,13.735476,4.2019243,1
1115,22033,11.33945,-3.1018217,18
1116,22035,17.082644,7.4488454,11
1117,22037,17.970877,8.597743,11
1118,22039,14.788919,5.0911355,12
1119,22041,14.727991,5.029082,12
1120,22043,17.759493,8.964505,11
1121,22045,14.451596,4.494054,12
1122,22047,15.207286,5.0551977,12
1123,22049,13.713184,7.294597,15
1124,22051,11.349548,-3.0493867,18
1125,22053,13.9609785,4.0689425,1
1126,22055,12.696954,0.15785973,6
1127,22057,13.876692,3.4566832,1
1128,22059,16.318672,7.453064,11
1129,22061,10.440606,0.8565452,6
1130,22063,0.3570911,5.2183104,3
1131,22065,14.451943,4.933451,12
1132,22067,15.498749,6.1134057,12
1133,22069,15.509342,6.173851,12
1134,22071,10.367044,0.92362624,6
1135,22073,11.738138,3.7548506,0
1136,22075,13.476044,3.0738935,1
1137,22077,14.561146,7.9010415,15
1138,22079,13.720861,5.704621,12
1139,22081,14.357367,6.7725735,12
1140,22083,-1.7441938,4.0333176,3
1141,22085,13.577901,8.031936,15
1142,22087,11.451349,-0.28364876,6
1143,22089,9.932183,-0.55054796,10
1144,22091,14.587305,7.9073505,15
1145,22093,12.094654,4.253214,0
1146,22095,11.6784115,-0.40921786,6
1147,22097,14.533304,4.7907495,12
1148,22099,14.130377,3.6424203,1
1149,22101,15.46708,6.164102,12
1150,22103,9.200684,0.43877554,10
1151,22105,-0.19831197,5.513438,3
1152,22107,2.4727063,2.579346,4
1153,22109,13.876148,3.486646,1
1154,22111,13.054814,7.439251,15
1155,22113,13.879025,3.4849954,1
1156,22115,11.860617,2.806281,1
1157,22117,15.385164,6.0159373,12
1158,22119,-1.8605003,3.9084244,3
1159,22121,9.869323,-0.5933183,10
1160,22123,15.424521,6.056045,12
1161,22125,18.864405,8.921475,11
1162,22127,17.0772,7.6158853,11
1163,23001,12.468526,-0.3662463,6
1164,23003,14.183633,9.527513,15
1165,23005,9.747782,-2.9372556,16
1166,23007,7.0695887,9.925754,5
1167,23009,6.999853,12.436842,19
1168,23011,10.270277,4.68887,0
1169,23013,12.052404,6.5810313,13
1170,23017,7.09931,10.035546,5
1171,23019,12.365007,-1.0172358,6
1172,23023,10.622582,4.3624253,0
1173,23027,13.835775,9.248246,15
1174,23029,7.145021,11.737217,19
1175,23031,10.233207,4.708258,0
1176,24001,9.243557,7.1516395,0
1177,24003,9.45742,-3.6382718,16
1178,24005,10.207751,-4.313089,16
1179,24009,9.413924,-3.3181255,16
1180,24011,10.649773,1.6573714,6
1181,24013,9.121122,-3.1783597,16
1182,24015,10.405847,-2.7605982,18
1183,24017,9.364653,-3.6559942,16
1184,24019,11.094505,4.763347,0
1185,24021,9.370767,-3.666761,16
1186,24023,7.5177855,9.273223,5
1187,24025,9.508748,-3.3855774,16
1188,24027,9.371336,-3.7585042,16
1189,24029,11.964122,5.95027,0
1190,24031,9.682143,-3.9143233,16
1191,24033,9.950013,-3.9729698,16
1192,24035,9.122664,-3.1792336,16
1193,24037,9.356956,-3.6426134,16
1194,24039,17.960127,8.58374,11
1195,24041,6.2761316,9.454334,5
1196,24043,9.745458,5.8149095,0
1197,24045,12.750114,0.19361034,6
1198,24047,5.929448,12.5889635,19
1199,25001,7.3627334,11.071183,5
1200,25003,0.03443268,8.593845,2
1201,25005,10.145684,-2.9331772,18
1202,25007,5.9249105,12.738294,19
1203,25009,10.1650095,-4.191692,16
1204,25011,-0.0037598351,8.495351,2
1205,25013,-0.6633309,6.139363,2
1206,25015,0.23187414,6.5275636,2
1207,25017,7.866289,-4.0453076,16
1208,25019,5.97266,1.4667466,4
1209,25021,7.8444123,-4.01608,16
1210,25023,9.569674,-3.989916,16
1211,25025,10.936169,-4.4194403,16
1212,25027,7.7754984,-3.8834767,16
1213,26001,5.62514,12.828458,19
1214,26003,4.3612895,9.740988,5
1215,26005,1.0365864,6.0935307,3
1216,26007,8.808256,10.409884,5
1217,26009,7.056036,12.152871,19
1218,26011,4.5196137,9.84355,5
1219,26013,6.8422885,8.79417,5
1220,26015,13.677587,1.6845304,1
1221,26017,9.31445,5.077318,0
1222,26019,6.9924445,12.449659,19
1223,26021,-0.64869815,7.3251524,2
1224,26023,10.337012,7.15732,13
1225,26025,-0.65733933,6.876759,2
1226,26027,10.024532,7.975787,7
1227,26029,7.78835,10.533806,5
1228,26031,7.1360183,12.152157,19
1229,26033,6.4053826,7.901712,5
1230,26035,7.0336437,11.924286,19
1231,26037,1.2744446,5.479999,3
1232,26039,6.729014,12.121833,19
1233,26041,8.676869,10.535562,5
1234,26043,9.511856,9.047253,7
1235,26045,1.8396261,5.3210435,3
1236,26047,7.7536187,10.399237,5
1237,26049,-0.65166146,6.9569726,2
1238,26051,7.143471,12.144915,19
1239,26053,6.9235916,9.506125,5
1240,26055,9.481405,4.8667917,0
1241,26057,6.4263144,7.9313693,5
1242,26059,10.873285,6.7984767,13
1243,26061,1.5793988,8.5473,2
1244,26063,4.354341,9.751658,5
1245,26065,11.025724,-0.67488533,6
1246,26067,9.86014,-0.06078178,10
1247,26069,6.313547,11.805388,5
1248,26071,6.2770996,11.756414,5
1249,26073,13.947475,-2.6557426,14
1250,26075,-0.79579693,6.8624783,2
1251,26077,11.298054,-3.1696463,18
1252,26079,11.263432,8.678575,8
1253,26081,-0.2111877,5.664043,3
1254,26083,5.764789,12.730339,19
1255,26085,5.7098517,12.7558365,19
1256,26087,10.36768,5.790368,0
1257,26089,7.3996167,11.016955,5
1258,26091,10.404464,5.965652,0
1259,26093,9.069619,1.9658808,17
1260,26095,6.791228,8.685028,5
1261,26097,5.8767333,12.665777,19
1262,26099,10.275787,-2.9726698,18
1263,26101,7.7773695,11.057389,5
1264,26103,11.192672,7.4483137,13
1265,26105,8.608154,10.333193,5
1266,26107,14.490633,3.3059375,1
1267,26109,7.7936106,10.997591,5
1268,26111,12.516451,-0.26318336,6
1269,26113,11.404342,8.688295,8
1270,26115,9.775413,5.8226905,0
1271,26117,10.286751,7.151793,13
1272,26119,5.632485,12.825924,19
1273,26121,12.261566,-0.5888988,6
1274,26123,0.033688672,7.813297,2
1275,26125,9.746299,-2.970551,16
1276,26127,11.578058,8.724783,8
1277,26129,6.9537005,12.061212,19
1278,26131,5.621929,12.828119,19
1279,26133,11.760864,8.736242,8
1280,26135,5.7822227,12.720269,19
1281,26137,11.209362,8.66446,8
1282,26139,9.234697,-0.9535071,10
1283,26141,6.2962017,11.7967,5
1284,26143,5.651775,12.811403,19
1285,26145,-0.9734926,6.5547576,2
1286,26147,9.136158,5.244068,0
1287,26149,12.957623,1.8893416,1
1288,26151,0.27445778,8.190743,2
1289,26153,6.8870215,12.071409,19
1290,26155,0.5421995,7.1402955,2
1291,26157,-0.069880135,8.319359,2
1292,26159,10.265543,6.2797422,0
1293,26161,10.87693,-0.6665494,6
1294,26163,-0.6946978,6.082956,2
1295,26165,0.1757458,7.626744,2
1296,27001,5.703588,12.776891,19
1297,27003,9.547403,-3.3726614,16
1298,27005,8.972117,8.159714,7
1299,27007,12.528382,3.290392,1
1300,27009,11.526541,-2.1527202,18
1301,27011,8.826043,12.41917,9
1302,27013,10.733232,-0.5186523,6
1303,27015,9.905897,6.282748,0
1304,27017,10.282304,7.1449723,13
1305,27019,8.24865,-0.40492463,10
1306,27021,6.7165647,12.200109,19
1307,27023,11.015654,10.244104,8
1308,27025,8.601752,0.054295763,10
1309,27027,9.951362,-0.22854085,10
1310,27029,9.0211935,8.143962,7
1311,27031,5.9113183,12.6343565,19
1312,27033,8.916539,8.099544,7
1313,27035,9.364276,9.644526,7
1314,27037,9.572551,-3.4111986,16
1315,27039,9.397099,-0.016980058,10
1316,27041,9.032822,8.32803,7
1317,27043,10.170159,9.594974,7
1318,27045,8.456524,8.13533,7
1319,27047,10.235492,9.641418,7
1320,27049,13.693988,1.4986101,1
1321,27051,9.451814,9.601308,7
1322,27053,10.151305,-4.1740847,16
1323,27055,8.792119,8.096568,7
1324,27057,6.6835747,10.662054,5
1325,27059,8.620507,0.04693693,10
1326,27061,8.646636,10.428661,5
1327,27063,8.894372,7.8480654,7
1328,27065,10.0331335,6.2892585,0
1329,27067,13.338575,1.4933009,1
1330,27069,9.215397,9.436347,7
1331,27071,7.8173647,11.082021,5
1332,27073,9.132163,12.72909,9
1333,27075,7.356891,12.448164,19
1334,27077,5.954377,12.658574,19
1335,27079,12.488656,1.2502215,1
1336,27081,9.95131,12.318762,9
1337,27083,12.991842,1.7441682,1
1338,27085,13.694503,1.5517318,1
1339,27087,11.810614,2.0861254,1
1340,27089,11.051303,10.401653,8
1341,27091,9.056162,8.091144,7
1342,27093,11.6764555,9.776867,8
1343,27095,10.274735,6.2826853,0
1344,27097,9.029595,8.298407,7
1345,27099,12.706761,2.1180634,1
1346,27101,9.1609335,9.173995,7
1347,27103,9.046419,1.7667416,17
1348,27105,12.105092,2.096263,1
1349,27107,11.269256,9.773777,8
1350,27109,9.4144335,-0.035824664,10
1351,27111,9.354393,9.60343,7
1352,27113,13.710103,1.5844948,1
1353,27115,11.161837,8.534383,8
1354,27117,11.337078,10.616783,8
1355,27119,13.132241,1.6489345,1
1356,27121,9.067097,8.339019,7
1357,27123,10.533732,-3.2650454,18
1358,27125,11.327752,9.781235,8
1359,27127,11.150486,10.529888,8
1360,27129,9.127409,8.448466,7
1361,27131,9.881056,-0.08722158,10
1362,27133,8.309257,2.3724468,17
1363,27135,8.670399,2.6812074,17
1364,27137,9.3417425,5.483227,0
1365,27139,8.136168,-0.5083186,10
1366,27141,8.398375,-0.4319434,10
1367,27143,13.680474,1.6330998,1
1368,27145,10.736633,-2.4256136,18
1369,27147,8.261543,2.2584498,17
1370,27149,10.335875,3.411679,0
1371,27151,10.681821,9.889654,8
1372,27153,10.962016,10.607003,8
1373,27155,6.6442976,10.559062,5
1374,27157,8.776407,8.060358,7
1375,27159,11.191507,10.697128,8
1376,27161,13.700013,1.5541146,1
1377,27163,8.445213,-0.10645401,10
1378,27165,13.494849,2.488492,1
1379,27167,10.073215,8.028265,7
1380,27169,11.513312,-3.459942,18
1381,27171,8.41826,-0.2540634,10
1382,27173,9.047964,8.365008,7
1383,28001,17.475857,7.8648844,11
1384,28003,13.1032095,5.491396,12
1385,28005,14.34063,9.561084,15
1386,28007,14.653599,6.2663264,12
1387,28009,13.391053,8.2389765,15
1388,28011,13.807532,8.567571,15
1389,28013,12.925166,8.289879,15
1390,28015,7.2260303,10.360091,5
1391,28017,-0.3147103,4.794337,3
1392,28019,13.710493,7.225695,15
1393,28021,-1.8078146,3.962374,3
1394,28023,12.724395,8.3159075,15
1395,28025,-1.8838488,3.8805318,3
1396,28027,2.5003626,2.5818598,4
1397,28029,15.417481,6.3084946,12
1398,28031,14.281377,4.7181544,12
1399,28033,0.35038897,5.1914434,3
1400,28035,-0.6946818,4.8521137,3
1401,28037,13.291682,8.033592,15
1402,28039,13.798034,3.7893624,1
1403,28041,18.024149,8.765422,11
1404,28043,-0.8137367,4.850469,3
1405,28045,11.503323,5.4873333,0
1406,28047,11.663758,-0.2139462,6
1407,28049,-0.69840336,4.853599,3
1408,28051,14.54481,4.9131327,12
1409,28053,14.436344,4.940216,12
1410,28055,17.50169,7.9054446,11
1411,28057,12.5578165,-0.21339089,6
1412,28059,13.323443,2.811766,1
1413,28061,13.873903,7.211626,15
1414,28063,15.509326,6.8843684,12
1415,28065,14.694121,8.260608,15
1416,28067,-0.6064821,5.051604,3
1417,28069,14.648884,3.4679585,1
1418,28071,13.942816,-2.6517868,14
1419,28073,-0.04197144,5.441459,3
1420,28075,12.885436,8.342731,15
1421,28077,12.84885,8.379302,15
1422,28079,15.142539,5.58623,12
1423,28081,-0.19642586,5.612558,3
1424,28083,14.537245,4.8520217,12
1425,28085,13.767582,5.5768013,12
1426,28087,-0.6896769,4.8540225,3
1427,28089,8.881178,1.7484044,17
1428,28091,13.605517,7.506259,15
1429,28093,14.55366,3.4018378,1
1430,28095,14.508218,6.631639,12
1431,28097,12.385025,6.403997,13
1432,28099,14.504883,4.748805,12
1433,28101,13.734534,5.5811763,12
1434,28103,13.799028,8.580867,15
1435,28105,13.776981,-2.5120025,14
1436,28107,-0.3207896,4.8111963,3
1437,28109,11.46304,5.437425,0
1438,28111,12.911703,8.298658,15
1439,28113,14.416736,4.950205,12
1440,28115,13.793007,3.789357,1
1441,28117,12.962532,5.422765,12
1442,28119,14.372608,8.850151,15
1443,28121,9.04359,1.7497857,17
1444,28123,-0.29342908,4.744586,3
1445,28125,13.737227,8.596251,15
1446,28127,-0.77815974,4.8613186,3
1447,28129,13.610698,6.19553,12
1448,28131,15.220296,4.9927974,12
1449,28133,16.732998,7.4589033,11
1450,28135,16.827944,7.4627976,11
1451,28137,15.236008,4.975502,12
1452,28139,15.039383,5.563981,12
1453,28141,12.84181,8.229148,15
1454,28143,14.561339,4.799683,12
1455,28145,-0.5755167,5.0768127,3
1456,28147,13.585386,7.608526,15
1457,28149,13.80913,5.5937123,12
1458,28151,13.779077,8.589557,15
1459,28153,14.269051,4.6896496,12
1460,28155,14.450105,6.6142135,12
1461,28157,17.359257,7.771969,11
1462,28159,12.603052,8.461074,15
1463,28161,12.860353,8.189898,15
1464,28163,16.756023,7.44951,11
1465,29001,14.42137,3.1879992,1
1466,29003,11.38511,4.242776,0
1467,29005,9.492193,12.13178,9
1468,29007,-0.42352337,7.434604,2
1469,29009,13.017386,7.4105754,15
1470,29011,-1.2171282,4.735958,3
1471,29013,13.171353,6.484254,12
1472,29015,6.871985,12.964661,19
1473,29017,12.744144,7.447763,13
1474,29019,7.747796,-3.3378444,16
1475,29021,12.240403,-1.0444199,6
1476,29023,13.990476,5.8879952,12
1477,29025,13.278969,6.54101,12
1478,29027,10.407927,3.200235,0
1479,29029,6.489133,12.290556,19
1480,29031,12.768249,0.20765454,6
1481,29033,-1.2609694,4.707489,3
1482,29035,13.286787,8.50431,15
1483,29037,1.1732529,5.514977,3
1484,29039,12.650915,8.984438,8
1485,29041,11.3502,11.9803095,8
1486,29043,8.851883,-0.2751518,10
1487,29045,13.357181,6.6233745,12
1488,29047,0.70677054,5.507569,3
1489,29049,13.206163,1.8782938,1
1490,29051,12.151216,-1.13852,6
1491,29053,12.313247,4.758107,0
1492,29055,13.536063,6.665391,12
1493,29057,12.777637,9.307108,8
1494,29059,-1.2221627,4.7234406,3
1495,29061,11.270289,11.154477,8
1496,29063,18.898052,8.88172,11
1497,29065,13.329787,7.381795,15
1498,29067,12.55902,9.029232,8
1499,29069,-1.9059032,3.8706565,3
1500,29071,0.6874715,7.024655,2
1501,29073,7.5512443,9.122541,5
1502,29075,13.455443,6.41054,12
1503,29077,-0.64380175,6.219431,2
1504,29079,13.08786,7.752991,15
1505,29081,13.143676,7.5796337,15
1506,29083,12.461701,6.863772,13
1507,29085,6.8802447,12.963506,19
1508,29087,8.358185,11.8220215,9
1509,29089,13.598541,2.6498022,1
1510,29091,13.880361,5.815067,12
1511,29093,-3.0748322,13.270989,2
1512,29095,11.075509,-2.980797,18
1513,29097,13.75233,3.7814813,1
1514,29099,9.464446,0.10066389,10
1515,29101,10.746169,-0.6098298,6
1516,29103,-1.2125316,4.7332525,3
1517,29105,12.62219,3.1786742,1
1518,29107,0.42517212,6.610164,2
1519,29109,12.623644,3.18474,1
1520,29111,12.063623,5.3834004,0
1521,29113,9.048245,-0.7137549,10
1522,29115,13.078669,7.833594,15
1523,29117,13.452368,5.6299415,12
1524,29119,-0.31082448,4.79402,3
1525,29121,11.378108,11.988543,8
1526,29123,12.445536,8.608617,8
1527,29125,11.226721,7.610916,13
1528,29127,13.243748,2.5914857,1
1529,29129,11.326669,11.905431,8
1530,29131,13.572254,6.6232634,12
1531,29133,17.084015,7.5100346,11
1532,29135,12.14034,2.1092181,1
1533,29137,11.357654,12.061744,8
1534,29139,-1.2638798,4.7055607,3
1535,29141,-1.264454,4.7053766,3
1536,29143,-0.7006788,7.888942,2
1537,29145,13.051003,2.6052125,1
1538,29147,13.942023,-2.6173344,14
1539,29149,12.666391,8.898775,8
1540,29151,8.672247,2.0696588,17
1541,29153,8.6708975,11.539798,9
1542,29155,15.373787,6.3015723,12
1543,29157,13.583404,2.2568958,1
1544,29159,12.507706,3.308843,1
1545,29161,12.416382,4.7031426,0
1546,29163,18.10686,8.857155,11
1547,29165,0.75361794,5.502641,3
1548,29167,12.976739,3.47085,1
1549,29169,11.455881,-2.2153513,18
1550,29171,8.41937,11.931286,9
1551,29173,11.917286,6.4424753,13
1552,29175,9.788943,7.1552916,0
1553,29177,0.42306155,6.6359773,2
1554,29179,7.14132,10.0760975,5
1555,29181,13.29162,8.4576025,15
1556,29183,9.278259,-1.0922967,10
1557,29185,8.502823,11.503839,9
1558,29186,10.873763,6.677673,13
1559,29187,0.56145716,7.64227,2
1560,29189,-0.7217688,6.094912,2
1561,29195,13.608092,2.5522072,1
1562,29197,14.28287,5.7976136,12
1563,29199,12.014712,1.4075328,6
1564,29201,13.690724,5.6223235,12
1565,29203,14.147195,7.3873563,15
1566,29205,11.160882,10.006738,8
1567,29207,-0.60845023,7.819277,2
1568,29209,6.5271316,10.4854145,5
1569,29211,13.17584,7.3158383,15
1570,29213,12.38105,8.786221,8
1571,29215,15.971762,7.8002205,11
1572,29217,13.554687,6.4369082,12
1573,29219,12.665157,1.6478391,1
1574,29221,16.353811,7.5254903,11
1575,29223,2.472597,2.579266,4
1576,29225,11.366667,1.5295056,6
1577,29227,8.390563,11.877365,9
1578,29229,-0.71142465,7.8517733,2
1579,30001,13.878446,9.291541,15
1580,30003,5.084743,2.652014,4
1581,30005,11.393339,1.3032393,6
1582,30007,9.488429,2.4230115,17
1583,30009,7.756831,10.94186,5
1584,30011,8.949535,12.339985,9
1585,30013,10.567818,6.894948,13
1586,30015,13.397928,6.354543,12
1587,30017,10.448048,8.312075,7
1588,30019,9.561888,12.957916,9
1589,30021,10.098312,9.276716,7
1590,30025,11.94308,9.625686,8
1591,30027,10.4572115,9.929373,8
1592,30029,9.838901,3.8886626,0
1593,30031,10.393688,-0.13427891,6
1594,30033,8.3446045,11.922161,9
1595,30035,5.1159716,2.6583803,4
1596,30037,12.453688,9.098258,8
1597,30039,6.2082276,11.643468,5
1598,30041,12.681974,1.2864541,1
1599,30043,9.977145,3.68242,0
1600,30045,7.829444,12.421321,9
1601,30047,12.777358,9.250131,8
1602,30049,13.49669,1.9439163,1
1603,30051,12.8306675,5.427687,12
1604,30053,7.6862187,10.693904,5
1605,30055,9.025427,12.608405,9
1606,30057,6.907004,12.344698,19
1607,30059,6.90585,12.954056,19
1608,30061,7.8869195,10.688187,5
1609,30063,8.31684,-3.176652,16
1610,30065,7.41469,10.587758,5
1611,30067,7.741174,9.723069,5
1612,30069,8.285092,11.881815,9
1613,30071,12.530417,8.680971,8
1614,30073,13.392603,6.330865,12
1615,30075,8.997641,12.194977,9
1616,30077,6.6058908,8.330447,5
1617,30079,8.690142,12.632626,9
1618,30081,7.949654,9.539725,5
1619,30083,12.986293,1.2375389,1
1620,30085,5.087873,2.6533928,4
1621,30087,12.64568,1.3311412,1
1622,30089,8.028982,10.657931,5
1623,30091,9.86818,10.726597,7
1624,30093,10.914476,6.850113,13
1625,30095,10.087502,7.895174,7
1626,30097,9.361871,12.10634,9
1627,30099,8.934248,8.107794,7
1628,30101,17.874947,9.309594,11
1629,30103,9.568834,12.9662075,9
1630,30105,12.518481,8.693167,8
1631,30107,12.620932,9.031266,8
1632,30109,11.337515,12.078121,8
1633,30111,10.573142,-2.5209005,18
1634,31001,13.155706,1.8588855,1
1635,31003,8.554818,8.341926,7
1636,31005,11.1154,10.696595,8
1637,31007,10.588971,10.310746,8
1638,31009,8.902477,12.241936,9
1639,31011,10.626102,9.879283,8
1640,31013,11.939237,9.523247,8
1641,31015,8.00746,12.777281,9
1642,31017,8.846126,12.390191,9
1643,31019,9.966924,-0.21790484,10
1644,31021,1.9547837,8.402057,2
1645,31023,11.051462,10.403953,8
1646,31025,8.5080185,2.3046043,17
1647,31027,10.997264,10.42978,8
1648,31029,11.625018,9.7637205,8
1649,31031,10.881809,10.513411,8
1650,31033,9.090945,8.358232,7
1651,31035,11.619423,9.753755,8
1652,31037,11.396893,1.011378,6
1653,31039,2.0205653,7.297424,2
1654,31041,8.610728,8.342046,7
1655,31043,11.630314,-1.6449878,18
1656,31045,11.173447,7.42476,13
1657,31047,12.019124,1.9825461,1
1658,31049,9.80103,10.766412,7
1659,31051,11.3862,10.575135,8
1660,31053,8.3113985,2.378493,17
1661,31055,11.160294,-2.2952185,18
1662,31057,8.921533,12.248717,9
1663,31059,10.212714,9.388107,7
1664,31061,9.476478,12.855562,9
1665,31063,8.911144,12.236309,9
1666,31065,9.320964,12.698239,9
1667,31067,11.099513,9.959824,8
1668,31069,7.7601094,12.5237665,9
1669,31071,8.728309,12.588449,9
1670,31073,9.227344,9.432609,7
1671,31075,9.573916,9.400389,7
1672,31077,9.305484,12.534088,9
1673,31079,11.39346,1.6548898,6
1674,31081,8.404095,2.339888,17
1675,31083,7.774716,12.503244,9
1676,31085,9.569679,12.967322,9
1677,31087,8.575284,8.345632,7
1678,31089,10.958172,10.491067,8
1679,31091,8.373573,12.764161,9
1680,31093,11.662453,9.790133,8
1681,31095,9.359698,12.624923,9
1682,31097,6.4402704,7.949707,5
1683,31099,8.32401,2.3539746,17
1684,31101,6.645788,10.597497,5
1685,31103,7.931096,12.730136,9
1686,31105,8.705787,8.245983,7
1687,31107,9.977095,12.342398,9
1688,31109,11.04055,-2.3225648,18
1689,31111,13.4095955,1.46609,1
1690,31113,10.533185,10.166459,8
1691,31115,7.386227,12.3167515,19
1692,31117,8.817791,10.695278,5
1693,31119,12.537933,2.231907,1
1694,31121,10.284687,9.640087,7
1695,31123,1.3451217,7.340544,2
1696,31125,9.050838,8.054012,7
1697,31127,10.851013,6.803113,13
1698,31129,4.197537,9.656739,5
1699,31131,12.810359,1.8277729,1
1700,31133,8.335915,12.741534,9
1701,31135,8.517771,8.308637,7
1702,31137,11.058614,10.2311735,8
1703,31139,13.307063,1.4807514,1
1704,31141,8.194862,2.2017324,17
1705,31143,10.583284,9.766959,8
1706,31145,8.874507,8.182163,7
1707,31147,9.705948,10.819543,7
1708,31149,8.663199,12.361889,9
1709,31151,12.478734,2.2201364,1
1710,31153,8.363219,-0.34919977,10
1711,31155,12.493122,1.1506075,1
1712,31157,8.4035845,2.5313036,17
1713,31159,8.644635,0.07441534,10
1714,31161,9.451762,12.12496,9
1715,31163,8.761628,12.408892,9
1716,31165,7.8958364,12.437699,9
1717,31167,13.564832,1.5236377,1
1718,31169,8.6067705,8.31193,7
1719,31171,8.72317,12.78184,9
1720,31173,4.7792835,2.5379884,4
1721,31175,9.351784,12.623512,9
1722,31177,12.485802,0.95307124,1
1723,31179,9.47739,1.4591227,17
1724,31181,9.645582,10.860371,7
1725,31183,8.877013,12.266396,9
1726,31185,8.460513,8.037801,7
1727,32001,9.767844,3.8238602,0
1728,32003,9.916441,-4.6998043,16
1729,32005,6.199789,9.454,5
1730,32007,14.630892,-0.24201588,1
1731,32009,5.688039,12.784719,19
1732,32011,13.690076,1.4623214,1
1733,32013,14.614968,-0.2195259,1
1734,32015,12.875289,1.1985244,1
1735,32017,9.023051,6.4821496,0
1736,32019,9.782996,3.8223958,0
1737,32021,8.748997,11.700727,9
1738,32023,5.3060527,9.731878,5
1739,32027,6.6082864,8.326812,5
1740,32029,6.1864758,9.457121,5
1741,32031,10.342631,-3.0986297,18
1742,32033,6.4485903,7.9355874,5
1743,32510,10.209504,7.1301417,13
1744,33001,7.666701,9.912365,5
1745,33003,6.5286126,12.180913,19
1746,33005,10.270365,4.6562386,0
1747,33007,6.937395,9.464332,5
1748,33009,10.385881,4.589607,0
1749,33011,9.642967,-3.0120277,16
1750,33013,10.256249,3.7618816,0
1751,33015,9.632902,-2.9906955,16
1752,33017,8.1735735,-3.269847,16
1753,33019,10.497419,4.5198956,0
1754,34001,-0.73457325,6.306496,2
1755,34003,7.8423247,-4.0157166,16
1756,34005,7.7771997,-3.9051175,16
1757,34007,-0.6701724,6.070319,2
1758,34009,5.920209,12.578844,19
1759,34011,11.875701,2.335181,1
1760,34013,10.574959,-4.176834,16
1761,34015,9.616922,-3.0932739,16
1762,34017,11.009834,-4.470954,16
1763,34019,9.125091,-3.2635684,16
1764,34021,-0.044213388,5.9978957,3
1765,34023,9.709864,-4.0036864,16
1766,34025,9.453606,-3.9345489,16
1767,34027,9.358874,-3.7215133,16
1768,34029,2.0205922,7.2863374,2
1769,34031,10.362963,-4.2528577,16
1770,34033,9.073624,5.267074,0
1771,34035,9.35501,-3.7405784,16
1772,34037,9.120987,-3.1836321,16
1773,34039,10.34148,-4.2581697,16
1774,34041,1.1665803,5.8945827,3
1775,35001,10.141782,1.1226444,6
1776,35003,6.146066,11.147723,5
1777,35005,12.415513,3.4469173,1
1778,35006,16.833448,7.098074,11
1779,35007,6.6953773,12.085087,19
1780,35009,0.4177881,5.4752235,3
1781,35011,2.4698195,2.5847464,4
1782,35015,-0.070343845,5.3188634,3
1783,35017,-0.3019518,8.11925,2
1784,35019,17.060484,7.5637226,11
1785,35021,6.2007766,11.59129,5
1786,35023,12.516502,8.698759,8
1787,35025,11.132255,0.6294255,6
1788,35027,6.0000634,12.625442,19
1789,35028,9.114147,-3.2261283,16
1790,35029,14.714959,4.9994206,12
1791,35031,14.598084,4.908363,12
1792,35033,7.861046,12.4341545,9
1793,35035,0.12634228,7.5923657,2
1794,35037,2.4717789,2.580825,4
1795,35039,11.155878,5.3082,0
1796,35041,14.190602,3.7050948,1
1797,35043,1.4426085,5.5357127,3
1798,35045,-0.14491409,5.2178397,3
1799,35047,14.696725,8.259937,15
1800,35049,11.964988,5.943464,0
1801,35051,6.15553,11.152728,5
1802,35053,1.7421281,8.641666,2
1803,35055,7.587806,10.695613,5
1804,35057,-0.6325188,7.9068875,2
1805,35059,1.4993111,8.474429,2
1806,35061,-0.7300864,6.932957,2
1807,36001,-0.07980737,6.631269,2
1808,36003,0.023520472,8.320431,2
1809,36007,9.008861,5.286587,0
1810,36009,11.282114,7.593044,13
1811,36011,9.377925,5.5792217,0
1812,36013,-0.04878239,8.389293,2
1813,36015,10.347471,6.4641237,0
1814,36017,-0.01755982,8.31595,2
1815,36019,0.39918622,7.277723,2
1816,36021,7.640305,9.005926,5
1817,36023,14.077617,2.9618595,1
1818,36025,7.0156813,9.603887,5
1819,36027,9.652949,-2.9849138,16
1820,36029,10.168647,-4.35708,16
1821,36031,7.040574,9.531767,5
1822,36033,6.424542,7.9222074,5
1823,36035,12.1505375,6.489872,13
1824,36037,10.364159,5.821721,0
1825,36039,7.5911493,9.086373,5
1826,36041,6.099204,12.780943,19
1827,36043,11.222793,7.565273,13
1828,36045,1.070276,6.7493906,2
1829,36049,11.395338,4.803621,0
1830,36051,11.528454,-3.4755495,18
1831,36053,1.1574422,5.918556,3
1832,36055,10.163126,-4.302922,16
1833,36057,0.23951481,7.3694224,2
1834,36059,7.834867,-4.005909,16
1835,36061,11.023028,-4.4853005,16
1836,36063,-0.103962265,8.466047,2
1837,36065,-0.9772048,6.584882,2
1838,36067,-0.69512,6.2462454,2
1839,36069,0.28503433,6.900362,2
1840,36071,0.33034885,5.244029,3
1841,36073,0.46196142,7.369194,2
1842,36075,14.017835,2.9465535,1
1843,36077,-0.18796119,8.243835,2
1844,36079,9.099036,-3.2082102,16
1845,36083,0.041617047,6.7295184,2
1846,36087,11.616725,-1.6343529,18
1847,36089,0.4253786,7.3025694,2
1848,36091,9.238091,-3.0855603,16
1849,36093,11.156641,-3.0567083,18
1850,36095,13.855612,9.276567,15
1851,36097,11.163513,7.486767,13
1852,36099,0.43706167,7.5369177,2
1853,36101,9.1043825,5.343834,0
1854,36103,7.8128953,-3.9729455,16
1855,36105,-0.032148935,7.869733,2
1856,36107,11.291538,4.4656563,0
1857,36109,7.5116153,-3.478685,16
1858,36111,0.307558,7.790362,2
1859,36113,7.6349993,9.90688,5
1860,36115,0.33323506,7.685741,2
1861,36117,0.48450017,7.0739846,2
1862,36119,7.8429704,-4.016648,16
1863,36121,6.424351,7.931237,5
1864,36123,11.989865,6.4005814,13
1865,37001,9.973055,1.273963,6
1866,37003,10.456802,4.6758995,0
1867,37005,4.7681823,9.918829,5
1868,37007,1.5573905,8.533953,2
1869,37009,4.696117,9.880058,5
1870,37011,6.8331957,9.310079,5
1871,37013,-0.2979705,8.114254,2
1872,37015,-0.7815456,8.139476,2
1873,37017,13.228545,8.681562,15
1874,37019,4.9443965,9.946129,5
1875,37021,12.369485,-1.0326405,6
1876,37023,11.808312,7.220912,13
1877,37025,9.302266,-0.26646104,10
1878,37027,11.705542,7.1900244,13
1879,37029,1.2816302,5.483612,3
1880,37031,7.8016872,10.529812,5
1881,37033,12.040677,7.2999754,13
1882,37035,12.673592,-0.0742972,6
1883,37037,9.833782,3.683918,0
1884,37039,4.896901,9.927221,5
1885,37041,13.086509,9.263297,8
1886,37043,6.4995995,10.498313,5
1887,37045,13.372705,5.535976,12
1888,37047,-0.6473353,7.892923,2
1889,37049,10.302634,7.1225505,13
1890,37051,11.019248,-1.8191208,18
1891,37053,13.66672,1.5764177,1
1892,37055,5.914242,12.747919,19
1893,37057,12.674553,-0.065669656,6
1894,37059,9.923366,3.6963308,0
1895,37061,13.938049,5.738103,12
1896,37063,7.796578,-3.2869966,16
1897,37065,14.025859,7.080618,15
1898,37067,10.06741,1.1982994,6
1899,37069,9.68233,1.2271119,17
1900,37071,10.007944,1.2531278,6
1901,37073,11.821307,5.564609,0
1902,37075,7.1733146,11.718003,19
1903,37077,9.475741,1.41827,17
1904,37079,17.97544,8.719176,11
1905,37081,11.334286,-3.1047423,18
1906,37083,14.56571,7.989612,15
1907,37085,0.35032085,5.220199,3
1908,37087,7.819071,10.357431,5
1909,37089,7.803437,9.604561,5
1910,37091,14.649876,3.4686768,1
1911,37093,11.279129,-0.1951232,6
1912,37095,6.8241625,8.755062,5
1913,37097,1.2510556,5.556463,3
1914,37099,12.01362,7.322631,13
1915,37101,9.319723,-0.7028093,10
1916,37103,9.076188,10.076339,7
1917,37105,9.661688,0.92038876,10
1918,37107,12.694949,8.345447,15
1919,37109,10.304697,3.4954593,0
1920,37111,-0.04536704,7.4826117,2
1921,37113,7.2788773,12.280747,19
1922,37115,12.034962,7.442755,13
1923,37117,13.717161,9.172172,15
1924,37119,-0.46858028,5.8195295,3
1925,37121,7.347405,10.515414,5
1926,37123,-0.26154503,7.957613,2
1927,37125,9.852914,3.7008889,0
1928,37127,11.173116,4.7010207,0
1929,37129,12.334463,-1.0451988,6
1930,37131,7.3501477,10.522907,5
1931,37133,11.434529,-2.1876762,18
1932,37135,7.8485594,-3.3681676,16
1933,37137,6.329958,9.357676,5
1934,37139,-0.33222967,6.8329835,2
1935,37141,9.714369,1.4208113,17
1936,37143,7.3494267,10.524282,5
1937,37145,11.610662,5.5823717,0
1938,37147,11.028313,-0.6581263,6
1939,37149,5.05764,9.94258,5
1940,37151,12.633582,-0.14247599,6
1941,37153,14.07897,5.9817624,12
1942,37155,-0.23481248,5.076206,3
1943,37157,-0.5064748,7.812188,2
1944,37159,-0.7001227,6.9182577,2
1945,37161,12.347531,7.3696055,13
1946,37163,13.936203,5.7363734,12
1947,37165,-1.7725191,4.0032005,3
1948,37167,0.05660869,7.376415,2
1949,37169,-0.09655157,8.335783,2
1950,37171,-0.47534695,7.7765036,2
1951,37173,11.351917,8.6928005,8
1952,37175,6.45436,10.4527,5
1953,37177,17.350262,7.914883,11
1954,37179,8.590205,-0.8900547,10
1955,37181,15.521358,6.228,12
1956,37183,-0.3804832,5.76932,3
1957,37185,4.73158,9.904141,5
1958,37187,13.479758,9.069691,15
1959,37189,13.72374,-2.4657915,14
1960,37191,11.696135,-0.16146557,6
1961,37193,12.319079,7.346094,13
1962,37195,13.493533,5.625434,12
1963,37197,11.439817,5.6374664,0
1964,37199,4.3512936,9.762288,5
1965,38001,8.857629,12.39231,9
1966,38003,10.200692,9.383049,7
1967,38005,4.5145836,2.461473,4
1968,38007,10.188919,9.350375,7
1969,38009,8.9317465,12.281361,9
1970,38011,10.707492,9.768912,8
1971,38013,9.207498,9.398704,7
1972,38015,11.83452,-2.1642597,18
1973,38017,11.129232,-2.2848892,18
1974,38019,9.552747,12.95388,9
1975,38021,10.844029,10.558254,8
1976,38023,9.499843,12.895828,9
1977,38025,10.303011,7.135687,13
1978,38027,9.565757,10.891018,7
1979,38029,8.710927,12.495909,9
1980,38031,10.27594,9.447474,7
1981,38033,9.338433,12.73261,9
1982,38035,8.374181,-3.147185,16
1983,38037,7.9924316,12.777339,9
1984,38039,8.960711,12.338753,9
1985,38041,10.825708,10.522114,8
1986,38043,8.846382,12.195414,9
1987,38045,9.556559,10.894938,7
1988,38047,9.258734,12.734991,9
1989,38049,11.277622,9.783924,8
1990,38051,7.9857903,12.766298,9
1991,38053,8.241932,-1.0064257,10
1992,38055,9.098422,8.266085,7
1993,38057,9.149021,8.424164,7
1994,38059,11.8322315,-2.165514,18
1995,38061,10.086784,-0.32942432,10
1996,38063,8.961571,12.281107,9
1997,38065,8.481356,8.245045,7
1998,38067,9.106142,8.21901,7
1999,38069,9.555559,10.909705,7
2000,38071,11.068525,9.974062,8
2001,38073,8.892006,7.891693,7
2002,38075,10.019356,9.603581,7
2003,38077,8.740302,2.6838584,17
2004,38079,5.0879803,2.6534882,4
2005,38081,10.192847,9.414271,7
2006,38083,8.0949,12.752334,9
2007,38085,4.5159,2.4617672,4
2008,38087,9.334761,12.710733,9
2009,38089,11.236146,0.75582886,6
2010,38091,9.21006,9.388663,7
2011,38093,9.536311,7.24582,0
2012,38095,8.969988,12.731816,9
2013,38097,13.482187,1.4931465,1
2014,38099,11.157031,9.841882,8
2015,38101,10.038105,-0.3587129,10
2016,38103,8.917588,12.3895645,9
2017,38105,8.234795,-1.0140772,10
2018,39001,-0.7001311,7.8390837,2
2019,39003,-0.6899802,6.892686,2
2020,39005,13.876741,2.0488856,1
2021,39007,1.8038466,8.611261,2
2022,39009,7.5342784,-3.4648287,16
2023,39011,1.0735728,6.5989795,2
2024,39013,0.21240637,7.870251,2
2025,39015,13.816571,2.0371904,1
2026,39017,-0.077364266,5.792079,3
2027,39019,-0.025855632,8.34317,2
2028,39021,11.459308,4.369271,0
2029,39023,-0.7269944,6.997877,2
2030,39025,1.1348991,5.8487716,3
2031,39027,0.6631662,6.3423705,2
2032,39029,0.23458287,7.8405075,2
2033,39031,14.276982,5.8092375,12
2034,39033,1.8236082,8.559789,2
2035,39035,-0.7055993,6.1047354,2
2036,39037,13.584414,2.3659525,1
2037,39039,11.436135,4.3248096,0
2038,39041,0.97140026,5.194662,3
2039,39043,-0.08799516,8.301798,2
2040,39045,1.1775208,5.5331893,3
2041,39047,13.562678,6.0523634,12
2042,39049,-0.53398603,5.8878803,3
2043,39051,1.0846448,6.0116744,3
2044,39053,14.756014,6.5334573,12
2045,39055,13.6297,1.6726824,1
2046,39057,0.32015756,6.664273,2
2047,39059,13.637091,6.3988714,12
2048,39061,-0.68873066,6.078181,2
2049,39063,0.47805488,6.6377435,2
2050,39065,12.907682,3.427036,1
2051,39067,1.7784246,8.602286,2
2052,39069,11.448979,4.338062,0
2053,39071,13.563309,6.0899606,12
2054,39073,11.375508,4.7291512,0
2055,39075,11.4225,0.83972377,6
2056,39077,0.60350704,5.995275,3
2057,39079,14.5053835,6.5930533,12
2058,39081,13.814382,9.121456,15
2059,39083,1.0573975,6.047499,3
2060,39085,0.23347446,6.875984,2
2061,39087,-0.59925747,7.700396,2
2062,39089,1.2089361,5.575545,3
2063,39091,0.42280445,6.613488,2
2064,39093,0.08321201,7.2057424,2
2065,39095,10.146184,1.1223775,6
2066,39097,9.353889,1.4822948,17
2067,39099,-0.09210521,8.48193,2
2068,39101,9.699825,7.160318,0
2069,39103,1.1316135,5.840675,3
2070,39105,1.7761922,8.617032,2
2071,39107,1.2041124,6.345876,3
2072,39109,13.6515465,2.1447675,1
2073,39111,11.346551,7.8226905,13
2074,39113,11.321205,-3.0505595,18
2075,39115,12.273599,6.4264812,13
2076,39117,1.0419583,6.059311,3
2077,39119,-0.7158127,6.9594483,2
2078,39121,16.580389,7.8935914,11
2079,39123,4.373067,9.7632,5
2080,39125,0.71261847,6.361842,2
2081,39127,0.504716,5.9507174,3
2082,39129,9.869996,-0.0391431,10
2083,39131,14.532142,6.571962,12
2084,39133,11.507902,-3.4554799,18
2085,39135,1.1105688,6.032321,3
2086,39137,1.1088588,6.452085,2
2087,39139,-0.77817523,6.921572,2
2088,39141,12.371034,4.702752,0
2089,39143,0.5695296,7.095363,2
2090,39145,14.561912,3.451371,1
2091,39147,0.6643202,6.372052,2
2092,39149,1.0890994,6.2028313,3
2093,39151,-0.95884645,6.5402546,2
2094,39153,-0.89840925,6.4690886,2
2095,39155,11.150359,7.0951877,13
2096,39157,0.68635637,6.3726144,2
2097,39159,8.724433,-0.8537579,10
2098,39161,13.6475315,2.2713084,1
2099,39163,12.222373,5.885974,0
2100,39165,0.999593,5.209579,3
2101,39167,-0.08024056,8.321689,2
2102,39169,1.0596471,6.022661,3
2103,39171,0.55422986,7.161781,2
2104,39173,1.1467762,5.88547,3
2105,39175,0.6883041,6.3734555,2
2106,40001,14.452423,4.516879,12
2107,40003,6.4451795,7.95946,5
2108,40005,15.9240885,7.8107452,11
2109,40007,11.600383,10.824819,8
2110,40009,11.760102,2.762275,1
2111,40011,11.395116,10.671468,8
2112,40013,12.9634905,3.4596963,1
2113,40015,11.718733,2.7371848,1
2114,40017,8.888907,-1.0298408,10
2115,40019,14.502601,6.3098273,12
2116,40021,14.505958,3.3753636,1
2117,40023,13.303413,8.521155,15
2118,40025,8.454302,12.707311,9
2119,40027,10.019138,-0.26388553,10
2120,40029,13.231656,7.5211067,15
2121,40031,10.0653925,-0.46885166,10
2122,40033,12.044699,8.377661,8
2123,40035,15.919247,7.8013535,11
2124,40037,13.025397,2.542112,1
2125,40039,0.3624636,5.656915,3
2126,40041,8.615161,11.426189,9
2127,40043,11.687459,10.713549,8
2128,40045,10.96307,10.952699,8
2129,40047,12.171379,2.7726765,1
2130,40049,13.055403,2.6540082,1
2131,40051,10.696173,1.6602756,6
2132,40053,11.016651,11.200444,8
2133,40055,18.037315,8.759619,11
2134,40057,12.675056,8.7043915,8
2135,40059,11.73864,10.550943,8
2136,40061,13.366154,7.484331,15
2137,40063,16.001572,7.7865877,11
2138,40065,12.127599,2.8527575,1
2139,40067,12.450948,8.770402,8
2140,40069,12.1083555,8.406933,8
2141,40071,12.0070095,9.108955,8
2142,40073,12.17416,2.3054173,1
2143,40075,11.686506,8.64646,8
2144,40077,11.3094015,7.702828,13
2145,40079,13.971712,5.7777305,12
2146,40081,13.097158,2.5784302,1
2147,40083,8.991533,1.7256392,17
2148,40085,13.151383,2.7336788,1
2149,40087,8.854818,-0.28553483,10
2150,40089,14.77002,5.772605,12
2151,40091,8.623995,11.50541,9
2152,40093,11.509879,10.870206,8
2153,40095,11.90989,8.776483,8
2154,40097,0.3449775,7.3339777,2
2155,40099,13.248869,6.525083,12
2156,40101,14.43246,6.346564,12
2157,40103,13.165548,6.4558744,12
2158,40105,12.424351,8.751512,8
2159,40107,16.374014,7.5600667,11
2160,40109,11.284852,-1.7664074,18
2161,40111,12.734925,8.4898,15
2162,40113,-0.5488837,7.806901,2
2163,40115,-0.8933136,4.8341,3
2164,40117,13.137001,6.4667478,12
2165,40119,13.941466,-2.6508038,14
2166,40121,12.434502,8.7540455,8
2167,40123,12.889974,3.4705622,1
2168,40125,13.733661,3.7515335,1
2169,40127,12.47816,9.095536,8
2170,40129,11.459554,10.81958,8
2171,40131,9.488017,0.67105925,10
2172,40133,12.815979,8.4289,15
2173,40135,13.629633,6.1979403,12
2174,40137,13.169339,6.4935856,12
2175,40139,11.428873,0.71353924,6
2176,40141,12.077714,8.780081,8
2177,40143,-0.2127692,5.642193,3
2178,40145,1.2574197,5.5494537,3
2179,40147,13.145987,6.4397955,12
2180,40149,-1.0363156,4.80582,3
2181,40151,12.05662,5.280273,0
2182,40153,0.99980384,6.3091135,3
2183,41001,8.854268,9.3828745,7
2184,41003,7.869127,-3.3880613,16
2185,41005,7.776167,-3.8969533,16
2186,41007,13.418429,9.195433,15
2187,41009,1.8338505,5.3268,3
2188,41011,8.447203,9.644756,5
2189,41013,9.478902,2.4240193,17
2190,41015,6.4610615,10.566697,5
2191,41017,9.537228,4.905861,0
2192,41019,8.462056,9.618447,5
2193,41021,9.42504,12.842268,9
2194,41023,8.1263,10.5961685,5
2195,41025,9.0506,6.459451,0
2196,41027,9.341923,0.53246987,10
2197,41029,13.186581,2.5761087,1
2198,41031,11.193659,5.3514543,0
2199,41033,8.474006,9.637741,5
2200,41035,9.6640415,5.967222,0
2201,41037,9.0073185,6.496854,0
2202,41039,-0.96878356,6.5610766,2
2203,41041,6.577193,10.2515135,5
2204,41043,8.987869,0.7316649,10
2205,41045,10.839704,-1.3699924,18
2206,41047,11.517109,-1.5480564,18
2207,41049,11.426599,1.5961119,6
2208,41051,9.971256,-4.0649004,16
2209,41053,9.110919,0.5800121,10
2210,41055,8.969271,12.154141,9
2211,41057,6.9926023,12.445097,19
2212,41059,10.881229,-1.4179119,18
2213,41061,9.736557,6.0828137,0
2214,41063,8.115849,10.591181,5
2215,41065,9.749846,6.1099963,0
2216,41067,9.986945,-3.8621886,16
2217,41069,8.175944,12.75158,9
2218,41071,1.8098788,5.3389173,3
2219,42001,10.268476,3.813254,0
2220,42003,10.138401,-4.379662,16
2221,42005,12.043986,6.5368876,13
2222,42007,-0.1178427,8.488675,2
2223,42009,12.077603,7.6101384,13
2224,42011,10.516796,-3.1436362,18
2225,42013,11.155818,7.100322,13
2226,42015,12.744272,7.516079,13
2227,42017,9.476676,-3.945828,16
2228,42019,10.261523,3.7876377,0
2229,42021,11.179695,7.1250534,13
2230,42023,6.14434,12.464967,19
2231,42025,10.512638,4.5350146,0
2232,42027,7.5238013,-3.476462,16
2233,42029,9.430066,-3.87896,16
2234,42031,12.216395,7.7394733,13
2235,42033,9.235907,7.1507545,0
2236,42035,12.223436,7.7025576,13
2237,42037,12.1892805,7.688004,13
2238,42039,12.041901,6.4156947,13
2239,42041,9.225548,-3.084605,16
2240,42043,11.096991,-3.0587897,18
2241,42045,10.291432,-4.264143,16
2242,42047,12.015611,6.5291705,13
2243,42049,9.023713,5.2611065,0
2244,42051,-0.2563161,8.259299,2
2245,42053,6.0646124,12.4334955,19
2246,42055,13.878904,2.009792,1
2247,42057,12.20629,7.6302805,13
2248,42059,12.324959,7.7566853,13
2249,42061,9.235144,7.1506896,0
2250,42063,9.020121,5.270607,0
2251,42065,12.757608,7.487291,13
2252,42067,13.819184,2.088546,1
2253,42069,9.028169,5.281904,0
2254,42071,9.249833,0.46703047,10
2255,42073,-0.2639945,8.226095,2
2256,42075,13.88049,2.0067754,1
2257,42077,10.503558,-3.167608,18
2258,42079,9.028549,5.285649,0
2259,42081,9.0716095,5.3026075,0
2260,42083,12.280186,7.6887417,13
2261,42085,11.181716,7.1153574,13
2262,42087,12.7544,7.508564,13
2263,42089,11.461965,-3.4028535,18
2264,42091,9.509206,-3.958728,16
2265,42093,13.914514,2.0398736,1
2266,42095,10.057214,-2.9116356,18
2267,42097,11.98768,7.5681343,13
2268,42099,13.854236,1.9815089,1
2269,42101,11.020436,-4.483024,16
2270,42103,7.7615523,10.441169,5
2271,42105,7.152501,11.727116,19
2272,42107,9.437579,7.0990605,0
2273,42109,13.896361,2.0352528,1
2274,42111,9.235205,7.1503277,0
2275,42113,6.0405035,12.484457,19
2276,42115,7.606067,9.070556,5
2277,42117,10.923324,4.8929424,0
2278,42119,9.411642,1.4367263,17
2279,42121,11.195733,7.128608,13
2280,42123,0.16813609,8.741733,2
2281,42125,0.27563277,6.9184484,2
2282,42127,7.599139,9.075485,5
2283,42129,-0.060926445,8.529387,2
2284,42131,12.059701,6.5302043,13
2285,42133,10.481019,-3.0497994,18
2286,44003,0.11171598,6.777971,2
2287,44005,6.027096,1.5081266,4
2288,44007,10.193653,-4.314909,16
2289,44009,10.350319,4.5724792,0
2290,45001,13.836666,8.353138,15
2291,45003,13.224386,2.5921845,1
2292,45005,17.49054,7.8735867,11
2293,45007,-0.2129949,6.47491,2
2294,45009,14.687094,8.254232,15
2295,45011,14.753202,6.3592234,12
2296,45013,-0.17494757,7.5597124,2
2297,45015,9.404291,-0.620034,10
2298,45017,13.820954,9.210861,15
2299,45019,11.362322,-3.2794816,18
2300,45021,15.241024,4.9683075,12
2301,45023,14.477161,6.6632257,12
2302,45025,15.180994,6.4867115,12
2303,45027,14.312731,9.563057,15
2304,45029,13.715924,8.04396,15
2305,45031,14.395163,6.7553163,12
2306,45033,14.42311,4.9260793,12
2307,45035,9.60965,-0.4673678,10
2308,45037,17.867496,8.667696,11
2309,45039,14.689938,8.290465,15
2310,45041,-0.17846948,6.743407,2
2311,45043,8.423001,11.432472,9
2312,45045,10.050681,1.4557372,6
2313,45047,13.499173,5.651978,12
2314,45049,16.92638,7.3135176,11
2315,45051,4.287249,9.730992,5
2316,45053,12.799922,4.3660493,1
2317,45055,-0.12698002,6.4585624,2
2318,45057,9.658489,1.7111244,17
2319,45059,14.407563,6.74549,12
2320,45061,16.980509,7.3624144,11
2321,45063,10.106177,1.3802046,6
2322,45065,6.959132,8.815207,5
2323,45067,14.328383,6.807603,12
2324,45069,17.477715,7.8552246,11
2325,45071,12.062525,5.4710507,0
2326,45073,12.164175,6.614606,13
2327,45075,-1.8685207,3.8984308,3
2328,45077,12.326428,-1.0235158,6
2329,45079,7.813589,-3.2748747,16
2330,45081,12.0495615,5.4347405,0
2331,45083,-0.3000661,6.4296684,2
2332,45085,11.758042,-0.122982346,6
2333,45087,13.878007,8.232986,15
2334,45089,14.626498,8.115941,15
2335,45091,9.44404,-0.5750929,10
2336,46003,11.649172,9.806907,8
2337,46005,11.959426,2.021028,1
2338,46007,4.5126204,2.461951,4
2339,46009,6.452719,7.979369,5
2340,46011,10.53786,-0.24370764,6
2341,46013,12.998656,1.7584494,1
2342,46015,11.388705,10.6265545,8
2343,46017,4.882878,2.5678005,4
2344,46019,12.78438,2.7903118,1
2345,46021,7.4520636,12.217197,19
2346,46023,11.777698,2.0825179,1
2347,46025,2.0426986,7.632866,2
2348,46027,13.943956,-2.650591,14
2349,46029,13.094132,1.8479084,1
2350,46031,4.5063877,2.4587593,4
2351,46033,6.165542,9.458236,5
2352,46035,13.222232,2.0998728,1
2353,46037,8.546881,12.265819,9
2354,46039,8.915564,8.1180725,7
2355,46041,4.867992,2.5652041,4
2356,46043,10.041623,12.312632,9
2357,46045,11.68246,10.609186,8
2358,46047,6.6011643,10.59637,5
2359,46049,10.175089,12.238138,9
2360,46051,11.260522,10.491411,8
2361,46053,8.491957,12.765135,9
2362,46055,9.97908,12.341829,9
2363,46057,12.006029,1.4020604,6
2364,46059,9.337594,12.7368965,9
2365,46061,7.890472,2.0022147,17
2366,46063,8.679396,2.675049,17
2367,46065,12.679558,1.6653079,1
2368,46067,10.237247,12.196906,9
2369,46069,9.576687,12.239674,9
2370,46071,4.5085235,2.4662983,4
2371,46073,9.405471,12.597714,9
2372,46075,8.402609,11.911607,9
2373,46077,9.818798,12.255024,9
2374,46079,9.440275,2.3870509,17
2375,46081,10.6517725,4.704214,0
2376,46083,8.354377,-0.9259794,10
2377,46085,14.565917,5.4210606,12
2378,46087,12.6792555,1.4648311,1
2379,46089,8.378244,12.773232,9
2380,46091,10.302594,7.2085667,13
2381,46093,9.049747,2.2608492,17
2382,46095,4.5071845,2.4688637,4
2383,46097,11.091385,11.289764,8
2384,46099,11.371537,-2.1916392,18
2385,46101,13.162361,1.494664,1
2386,46103,9.463134,4.872586,0
2387,46105,8.95074,12.360607,9
2388,46107,6.645142,10.600869,5
2389,46109,11.827043,2.0861928,1
2390,46111,11.629635,10.460445,8
2391,46115,11.096204,9.929237,8
2392,46117,11.667087,9.765402,8
2393,46119,2.238129,8.320855,2
2394,46121,4.878534,2.5669281,4
2395,46123,11.361058,12.058493,8
2396,46125,11.690276,9.796202,8
2397,46127,12.487786,0.95069176,1
2398,46129,11.361451,12.047357,8
2399,46135,12.246273,4.830836,0
2400,46137,14.319473,3.9887376,1
2401,47001,11.870577,5.600376,0
2402,47003,10.907106,1.6969054,6
2403,47005,14.331765,9.720531,15
2404,47007,18.188185,8.947623,11
2405,47009,10.439824,4.001262,0
2406,47011,12.783812,0.23850986,6
2407,47013,14.172034,7.2405443,15
2408,47015,13.010926,4.190336,1
2409,47017,12.110719,5.811823,0
2410,47019,12.222193,7.4615192,13
2411,47021,9.936353,-0.22610119,10
2412,47023,12.782476,0.23342249,6
2413,47025,14.3324375,7.23128,15
2414,47027,14.30931,9.720197,15
2415,47029,14.27316,7.2445617,15
2416,47031,12.934485,3.3875034,1
2417,47033,14.477204,6.6533375,12
2418,47035,5.4515224,9.655989,5
2419,47037,10.948625,-0.69291973,6
2420,47039,8.461008,11.827658,9
2421,47041,13.421377,3.945968,1
2422,47043,10.653217,1.6560812,6
2423,47045,14.47086,6.579485,12
2424,47047,0.23764224,6.9828672,2
2425,47049,13.694647,7.2883806,15
2426,47051,10.437458,4.6429973,0
2427,47053,14.414228,6.5716224,12
2428,47055,12.010966,5.7694936,0
2429,47057,12.700135,7.379832,13
2430,47059,11.986195,5.8164635,0
2431,47061,1.7498482,8.636112,2
2432,47063,13.470578,3.9347167,1
2433,47065,10.437688,-2.6216803,18
2434,47067,14.467583,8.906703,15
2435,47069,17.87439,8.51822,11
2436,47071,14.347285,9.62348,15
2437,47073,12.423551,7.372015,13
2438,47075,14.237434,6.872239,12
2439,47077,14.461242,6.6100965,12
2440,47079,14.354506,9.68084,15
2441,47081,12.424113,4.6881795,0
2442,47083,12.170427,5.8900375,0
2443,47085,12.603513,7.4768276,13
2444,47087,12.221148,7.4685125,13
2445,47089,10.417468,4.67641,0
2446,47091,6.6387463,8.845327,5
2447,47093,11.335115,-3.2626061,18
2448,47095,18.861336,8.926173,11
2449,47097,16.834625,7.1244793,11
2450,47099,12.679659,3.2206736,1
2451,47101,12.758602,5.445456,12
2452,47103,12.055799,5.437484,0
2453,47105,9.814763,3.7045276,0
2454,47107,11.894343,5.5682864,0
2455,47109,12.106689,5.8302746,0
2456,47111,12.677491,3.2155905,1
2457,47113,11.768454,-0.1086309,6
2458,47115,11.76139,5.6423006,0
2459,47117,10.701367,1.669143,6
2460,47119,10.0247135,1.4888836,6
2461,47121,11.753836,5.615475,0
2462,47123,12.01705,5.549743,0
2463,47125,9.289201,-0.9779268,10
2464,47129,17.980131,8.608135,11
2465,47131,12.162781,5.839577,0
2466,47133,12.080985,5.752574,0
2467,47135,11.911722,8.754002,8
2468,47137,6.890626,12.852407,19
2469,47139,12.398148,7.3380547,13
2470,47141,12.989244,4.213322,1
2471,47143,13.263411,3.9118657,1
2472,47145,11.816038,7.567496,13
2473,47147,9.692014,-0.39747295,10
2474,47149,9.038799,-0.897896,10
2475,47151,14.98955,5.572111,12
2476,47153,11.779938,5.5869555,0
2477,47155,11.921014,5.923865,0
2478,47157,11.106098,-3.0072222,18
2479,47159,13.202065,4.003653,1
2480,47161,11.982254,6.0317183,0
2481,47163,13.830162,8.315567,15
2482,47165,8.857768,-0.08083829,10
2483,47167,10.007566,-0.5042456,10
2484,47171,11.893865,7.642786,13
2485,47173,15.2159395,6.4014235,12
2486,47175,12.047305,5.8974624,0
2487,47177,15.360501,5.992646,12
2488,47179,12.365693,-1.0353978,6
2489,47181,17.954096,8.578238,11
2490,47183,14.490995,3.2913046,1
2491,47185,13.23334,3.924737,1
2492,47187,8.086637,-0.52265173,10
2493,47189,8.889471,-0.59251803,10
2494,48001,18.897657,8.892769,11
2495,48003,8.180192,-0.9351304,10
2496,48005,12.364179,3.3775017,1
2497,48007,8.690848,11.65103,9
2498,48009,10.022862,7.9211283,7
2499,48011,8.534325,8.328714,7
2500,48013,11.0836735,1.5914519,6
2501,48015,12.699059,1.7057966,1
2502,48017,11.563146,1.8244877,6
2503,48019,7.748705,9.646707,5
2504,48021,9.319709,-0.76002896,10
2505,48023,8.775071,11.98942,9
2506,48025,17.973354,9.402812,11
2507,48027,9.433332,-0.98743355,10
2508,48029,9.957769,-4.6744018,16
2509,48031,7.7413964,9.699321,5
2510,48033,9.5337515,12.208957,9
2511,48035,9.165019,8.122225,7
2512,48037,12.21773,-0.60053337,6
2513,48039,8.474933,-1.0826201,10
2514,48041,7.7677555,-3.3178864,16
2515,48043,11.182439,7.140943,13
2516,48045,8.284174,11.846705,9
2517,48047,14.711151,5.125602,12
2518,48049,11.119798,6.425131,13
2519,48051,11.537951,6.0686026,13
2520,48053,-0.06704489,7.460073,2
2521,48055,10.836084,1.6952124,6
2522,48057,1.09012,6.812098,2
2523,48059,10.861915,6.698624,13
2524,48061,5.167706,2.6798925,4
2525,48063,14.002184,5.6004553,12
2526,48065,8.312236,2.3789089,17
2527,48067,13.583373,7.1952453,15
2528,48069,11.703634,2.0682843,1
2529,48071,8.373793,-0.95610386,10
2530,48073,12.521066,3.059327,1
2531,48075,18.89519,8.893325,11
2532,48077,9.540696,8.937183,7
2533,48079,14.566839,5.4199266,12
2534,48081,6.785403,12.264723,19
2535,48083,8.759275,12.014139,9
2536,48085,8.271753,-1.5640328,10
2537,48087,13.216154,7.4026537,15
2538,48089,-1.2395493,4.7193184,3
2539,48091,8.895019,-0.41451162,10
2540,48093,11.348109,12.027195,8
2541,48095,18.891743,8.91433,11
2542,48097,13.069057,2.5725303,1
2543,48099,10.710932,-0.6703803,6
2544,48101,8.748963,11.885622,9
2545,48103,11.259093,0.7643109,6
2546,48105,12.073116,10.48814,8
2547,48107,14.627469,6.2335033,12
2548,48109,14.267585,7.454578,15
2549,48111,11.447318,0.59445924,6
2550,48113,8.1927185,-1.7807441,10
2551,48115,11.693501,2.502415,1
2552,48117,11.591344,1.9277722,6
2553,48119,12.78292,2.8174338,1
2554,48121,8.261534,-1.5860568,10
2555,48123,13.668542,6.030467,12
2556,48125,7.410612,8.353354,5
2557,48127,14.700431,5.1687965,12
2558,48129,8.577285,11.905236,9
2559,48131,16.825342,7.08232,11
2560,48133,0.28320596,8.161831,2
2561,48135,7.81372,-1.0706766,10
2562,48137,8.380687,12.724335,9
2563,48139,8.475998,-1.0326306,10
2564,48141,11.236691,-1.804137,18
2565,48143,10.754517,-0.5204636,6
2566,48145,-0.4623431,7.518764,2
2567,48147,0.1795723,7.4402833,2
2568,48149,11.318583,12.027476,8
2569,48151,9.495057,12.141698,9
2570,48153,12.543673,3.6978946,1
2571,48155,8.765846,12.063684,9
2572,48157,8.307753,-1.4910452,10
2573,48159,9.00637,8.143159,7
2574,48161,10.307429,7.176169,13
2575,48163,17.966848,9.40617,11
2576,48165,11.421081,0.77166075,6
2577,48167,9.612814,-0.3658819,10
2578,48169,18.879683,8.9027605,11
2579,48171,7.835227,9.516617,5
2580,48173,8.663375,1.8318923,17
2581,48175,9.44795,9.801709,7
2582,48177,12.245949,2.315786,1
2583,48179,11.729256,2.746253,1
2584,48181,9.664948,0.9395686,10
2585,48183,10.972073,-1.9604545,18
2586,48185,17.776335,9.239486,11
2587,48187,8.723023,-0.81118816,10
2588,48189,11.700931,2.3445637,1
2589,48191,12.816668,8.874637,8
2590,48193,11.34174,12.03655,8
2591,48195,11.909914,1.3447707,6
2592,48197,8.462813,11.889062,9
2593,48199,9.613833,0.7738308,10
2594,48201,8.181876,-1.7915261,10
2595,48203,12.42093,3.357876,1
2596,48205,18.006617,9.370594,11
2597,48207,6.6598353,8.897314,5
2598,48209,8.898176,-0.98630965,10
2599,48211,11.694013,0.810879,6
2600,48213,12.501313,7.011189,13
2601,48215,5.167104,2.6806533,4
2602,48217,12.865524,6.5858216,13
2603,48219,12.373461,3.3080223,1
2604,48221,9.851276,3.7060866,0
2605,48223,13.215084,2.7990224,1
2606,48225,16.526451,7.83145,11
2607,48227,11.450446,-2.2146502,18
2608,48229,12.873877,4.3036566,1
2609,48231,10.207762,1.5043643,6
2610,48233,8.495349,2.5885487,17
2611,48235,9.584204,9.358674,7
2612,48237,17.884365,9.298489,11
2613,48239,13.173679,1.5129415,1
2614,48241,14.141449,5.8466306,12
2615,48243,6.2113667,11.467615,5
2616,48245,11.841133,2.3112159,1
2617,48247,14.706658,5.1840205,12
2618,48249,14.804229,5.2178006,12
2619,48251,9.232354,-0.7877378,10
2620,48253,18.879353,8.894687,11
2621,48255,18.005314,9.370686,11
2622,48257,8.557603,-0.9778267,10
2623,48259,8.869009,-0.32288197,10
2624,48261,13.734023,4.1963944,1
2625,48263,8.660784,12.363197,9
2626,48265,7.8660707,9.533603,5
2627,48267,6.891713,12.894159,19
2628,48269,12.083778,10.498918,8
2629,48271,16.556902,7.8508058,11
2630,48273,14.210038,3.7718706,1
2631,48275,13.189236,7.4928455,15
2632,48277,13.173273,2.6751118,1
2633,48279,14.598477,5.3976526,12
2634,48281,9.778348,3.8308415,0
2635,48283,18.133856,9.153388,11
2636,48285,11.351901,12.033809,8
2637,48287,13.286483,2.217609,1
2638,48289,9.138689,8.11542,7
2639,48291,9.167274,-0.8662674,10
2640,48293,13.696449,6.0352926,12
2641,48295,11.729638,10.509099,8
2642,48297,16.567387,7.8677006,11
2643,48299,6.2892118,11.089343,5
2644,48301,8.231128,-1.0187266,10
2645,48303,10.986171,-1.8616486,18
2646,48305,14.537727,5.4383183,12
2647,48307,12.753,9.296001,8
2648,48309,11.018779,-1.8175727,18
2649,48311,9.46818,12.2351265,9
2650,48313,18.023197,9.336667,11
2651,48315,8.677974,11.473091,9
2652,48317,11.37734,0.8715511,6
2653,48319,8.37787,12.744658,9
2654,48321,12.454161,3.5126214,1
2655,48323,5.168481,2.6798952,4
2656,48325,9.555986,0.77936274,10
2657,48327,6.9209776,12.929697,19
2658,48329,8.33745,-0.95608526,10
2659,48331,13.377868,6.3381968,12
2660,48333,8.285761,12.635745,9
2661,48335,17.908737,9.326291,11
2662,48337,11.111823,10.015297,8
2663,48339,8.445714,-1.1594547,10
2664,48341,11.4181795,0.61122996,6
2665,48343,13.724322,7.2472916,15
2666,48345,8.062089,12.771834,9
2667,48347,11.770961,-0.122332014,6
2668,48349,12.454936,3.348331,1
2669,48351,14.263896,9.534363,15
2670,48353,14.613642,6.213889,12
2671,48355,-0.21475954,5.6529183,3
2672,48357,11.436543,0.6111644,6
2673,48359,9.003432,1.7435195,17
2674,48361,13.066322,1.773522,1
2675,48363,13.412064,6.539744,12
2676,48365,12.121368,9.275638,8
2677,48367,8.933874,-0.65260655,10
2678,48369,11.428389,1.0860344,6
2679,48371,18.00695,9.367598,11
2680,48373,12.505519,4.622601,0
2681,48375,11.733156,2.3342826,1
2682,48377,13.204083,7.529773,15
2683,48379,9.480353,2.423029,17
2684,48381,8.720466,-0.030166134,10
2685,48383,11.272325,0.78714293,6
2686,48385,6.872621,12.931734,19
2687,48387,8.638083,11.434957,9
2688,48389,17.968374,9.409453,11
2689,48391,13.016142,7.922632,15
2690,48393,8.587184,7.9809756,7
2691,48395,13.355409,6.4743567,12
2692,48397,0.9288755,5.1795135,3
2693,48399,13.174113,7.397026,15
2694,48401,17.723833,9.247209,11
2695,48403,6.871406,12.974526,19
2696,48405,8.652791,11.488616,9
2697,48407,12.0675335,5.892562,0
2698,48409,11.452298,1.7509428,6
2699,48411,16.556612,7.869922,11
2700,48413,11.383466,9.678338,8
2701,48415,11.731869,2.7379553,1
2702,48417,11.101134,10.079851,8
2703,48419,14.628178,5.5718346,12
2704,48421,12.082525,2.03932,1
2705,48423,11.019301,-1.831372,18
2706,48425,9.257409,2.3432798,17
2707,48427,5.1748967,2.681933,4
2708,48429,16.558737,7.868212,11
2709,48431,11.92519,1.423243,6
2710,48433,8.766827,12.362441,9
2711,48435,12.023271,10.507014,8
2712,48437,11.730041,2.760774,1
2713,48439,8.199753,-1.7491336,10
2714,48441,11.050782,-1.744463,18
2715,48443,7.981153,12.778981,9
2716,48445,11.671607,2.439381,1
2717,48447,8.082244,12.811414,9
2718,48449,11.585647,1.9662486,6
2719,48451,11.039428,-1.7197351,18
2720,48453,10.003911,-4.586544,16
2721,48455,8.569124,11.456565,9
2722,48457,16.563381,7.900597,11
2723,48459,13.073628,2.611723,1
2724,48461,11.6981125,1.2111844,6
2725,48463,14.661285,5.1561384,12
2726,48465,11.558946,1.9246578,6
2727,48467,-0.044488158,7.3490386,2
2728,48469,10.848551,-2.123494,18
2729,48471,18.377539,8.971522,11
2730,48473,8.938305,-1.0049908,10
2731,48475,11.691714,1.193164,6
2732,48477,11.486797,6.0754323,13
2733,48479,5.1665587,2.6795044,4
2734,48481,12.385682,3.4106193,1
2735,48483,11.3030615,9.761661,8
2736,48485,12.27452,-1.0069964,6
2737,48487,12.107974,5.534821,0
2738,48489,16.756784,7.456588,11
2739,48491,8.380292,-1.3077264,10
2740,48493,8.851266,-0.25959185,10
2741,48495,11.706383,1.1858072,6
2742,48497,8.940036,-0.6906262,10
2743,48499,7.889009,9.547573,5
2744,48501,11.415004,0.8351712,6
2745,48503,13.22151,6.4865384,12
2746,48505,4.512587,2.4617279,4
2747,48507,14.346076,4.039743,1
2748,49001,11.267153,1.1736752,6
2749,49003,11.066199,0.6422728,6
2750,49005,7.7894583,-1.0796554,10
2751,49007,1.2103868,7.2390714,2
2752,49009,5.773413,12.732035,19
2753,49011,11.513302,-1.393393,18
2754,49013,11.203686,1.1356246,6
2755,49015,12.664483,1.3579656,1
2756,49017,9.279463,9.568988,7
2757,49019,9.840746,3.9219499,0
2758,49021,11.2706785,1.41691,6
2759,49023,7.8201394,1.9346328,17
2760,49025,9.305982,9.580534,7
2761,49027,11.324738,1.2217106,6
2762,49029,7.823896,1.9162673,17
2763,49031,8.327807,12.779815,9
2764,49033,9.305431,9.579632,7
2765,49035,11.522472,-1.4334337,18
2766,49037,11.35332,1.3212805,6
2767,49039,10.393809,-0.77288914,6
2768,49041,11.412798,1.2670513,6
2769,49043,15.544838,2.887968,1
2770,49045,10.996626,0.55626,6
2771,49047,11.211615,1.1350259,6
2772,49049,7.7881327,-1.0803077,10
2773,49051,8.22845,-0.8870295,10
2774,49053,1.9944572,7.211846,2
2775,49055,10.085781,10.5496645,7
2776,49057,11.520361,-1.4337735,18
2777,50001,10.329851,4.6025014,0
2778,50003,7.448744,9.195649,5
2779,50005,10.710823,4.724743,0
2780,50007,7.9114475,-3.3695097,16
2781,50009,7.2315145,12.216031,19
2782,50011,10.492476,-2.6295655,18
2783,50015,11.32358,4.4545374,0
2784,50017,10.513287,4.426874,0
2785,50019,7.579019,9.114058,5
2786,50021,7.4663367,9.168117,5
2787,50023,0.3321982,7.607658,2
2788,50025,7.372002,9.281561,5
2789,50027,0.117790446,8.692432,2
2790,51001,8.463586,11.797307,9
2791,51003,9.631611,-2.9971483,16
2792,51005,11.275385,7.210262,13
2793,51007,10.325362,3.8758788,0
2794,51009,10.382987,4.6931415,0
2795,51011,11.684523,5.6230693,0
2796,51013,11.0272045,-4.4888906,16
2797,51015,10.306404,3.8617103,0
2798,51017,6.9679275,12.356467,19
2799,51019,10.495719,4.0428057,0
2800,51021,7.288568,8.571173,5
2801,51023,11.021839,4.4961596,0
2802,51025,6.655913,8.85828,5
2803,51027,14.204104,8.673671,15
2804,51029,17.963432,8.591837,11
2805,51031,10.3610735,4.6869087,0
2806,51033,9.338063,0.5434252,10
2807,51035,14.191726,9.557567,15
2808,51036,12.046124,6.550513,13
2809,51037,12.798636,9.305516,8
2810,51041,9.243056,-1.0369546,10
2811,51043,10.307488,3.8620114,0
2812,51045,7.701505,8.908821,5
2813,51047,8.850812,-0.2697062,10
2814,51049,11.903284,7.6529737,13
2815,51051,14.260907,9.544929,15
2816,51053,10.2512245,3.7205849,0
2817,51057,13.828805,9.2322,15
2818,51059,9.727697,-3.8770204,16
2819,51061,1.0509857,5.2510796,3
2820,51063,12.120938,6.57947,13
2821,51065,10.41708,3.9341457,0
2822,51067,11.779428,7.555279,13
2823,51069,8.852358,-0.2555856,10
2824,51071,12.0743475,6.544351,13
2825,51073,10.244322,3.7147021,0
2826,51075,8.918623,-2.9898002,16
2827,51077,7.213899,10.372363,5
2828,51079,9.2634,0.47191218,10
2829,51081,18.885721,8.888705,11
2830,51083,12.92406,9.282321,8
2831,51085,9.092826,-3.1388683,16
2832,51087,10.424549,-2.9481041,18
2833,51089,13.410996,9.137466,15
2834,51091,6.206782,11.555529,5
2835,51093,10.247011,3.7105947,0
2836,51097,12.047927,6.5493345,13
2837,51099,8.694833,1.7298111,17
2838,51101,9.054833,1.7548476,17
2839,51103,6.281665,11.134524,5
2840,51105,12.708831,7.736663,13
2841,51107,8.126938,-0.4479308,10
2842,51109,10.022071,3.5965877,0
2843,51111,12.711044,7.730348,13
2844,51113,11.065813,4.536559,0
2845,51115,6.393011,10.645033,5
2846,51117,7.359529,10.540135,5
2847,51119,6.426293,10.607555,5
2848,51121,7.5851645,-3.4295669,16
2849,51125,7.3450394,12.241325,19
2850,51127,9.014248,-3.0550141,16
2851,51131,8.6459675,11.457712,9
2852,51133,6.2630544,11.149295,5
2853,51135,17.906055,8.597021,11
2854,51137,9.19031,2.3209476,17
2855,51139,12.55022,7.509744,13
2856,51141,7.3221803,10.498588,5
2857,51143,13.826761,9.2326355,15
2858,51145,8.962317,-3.0185544,16
2859,51147,13.94549,-2.6028636,14
2860,51149,9.257442,1.5425211,17
2861,51153,8.117194,-0.4863978,10
2862,51155,7.6737146,8.819234,5
2863,51157,12.043362,6.561124,13
2864,51159,6.566427,8.245975,5
2865,51161,9.543022,4.705331,0
2866,51163,-0.18362786,7.572813,2
2867,51165,9.104697,2.3299346,17
2868,51167,12.643092,7.75637,13
2869,51169,14.205519,9.545327,15
2870,51171,11.157924,6.379012,13
2871,51173,12.619268,7.6579723,13
2872,51175,9.263842,7.3398156,0
2873,51177,8.781314,-0.8308658,10
2874,51179,8.111419,-0.4979248,10
2875,51181,7.732867,8.85952,5
2876,51183,18.75079,8.884577,11
2877,51185,-0.7414742,8.102644,2
2878,51187,9.014719,1.745224,17
2879,51191,11.873332,7.619569,13
2880,51193,7.3876443,10.519196,5
2881,51195,17.479563,7.8436317,11
2882,51197,11.898217,7.6410103,13
2883,51199,9.407189,0.09314735,10
2884,51510,11.029181,-4.4886456,16
2885,51520,13.957869,8.404262,15
2886,51530,12.148315,7.6695232,13
2887,51540,14.143821,-2.8399103,14
2888,51550,9.593004,-0.44538954,10
2889,51570,9.705457,0.9626758,10
2890,51580,12.018314,7.610015,13
2891,51590,13.223378,8.679763,15
2892,51595,14.142812,8.255214,15
2893,51610,8.156644,-0.42091987,10
2894,51630,10.633268,-0.2616696,6
2895,51640,14.015237,8.324468,15
2896,51650,11.452585,-0.6941678,6
2897,51660,14.156411,-2.8521216,14
2898,51670,14.440948,6.513707,12
2899,51678,13.982498,-2.575378,14
2900,51680,10.668476,-0.27607876,6
2901,51683,8.500618,-0.9262236,10
2902,51685,8.848014,-0.96738285,10
2903,51690,13.291851,8.588182,15
2904,51700,11.434776,-0.68502,6
2905,51710,11.070317,-0.6956518,6
2906,51720,14.402222,7.1958227,15
2907,51730,15.52625,6.186814,12
2908,51735,9.095652,-3.145699,16
2909,51740,11.510336,-0.6769503,6
2910,51750,14.149185,-2.844976,14
2911,51775,10.38154,3.951608,0
2912,51790,10.3822155,4.3821406,0
2913,51800,9.61661,-0.43503934,10
2914,51810,9.463965,0.08969643,10
2915,51820,13.254159,3.1751952,1
2916,51830,13.959738,-2.5870068,14
2917,51840,14.182316,3.448051,1
2918,53001,11.40297,0.76237816,6
2919,53003,9.22256,9.856786,7
2920,53005,11.513878,-1.4705331,18
2921,53007,10.489385,-2.5517278,18
2922,53009,8.432972,9.651242,5
2923,53011,10.245824,-3.3634043,18
2924,53013,9.488195,12.8478565,9
2925,53015,8.978346,0.74328303,10
2926,53017,11.498551,-1.4673612,18
2927,53019,7.5266,10.678297,5
2928,53021,7.790004,-1.0792196,10
2929,53023,9.379135,9.669895,7
2930,53025,11.155723,0.708325,6
2931,53027,0.6220946,7.861895,2
2932,53029,0.6411508,7.2251816,2
2933,53031,6.4083834,11.173561,5
2934,53033,9.8461075,-4.188178,16
2935,53035,10.287905,-3.3243644,18
2936,53037,0.40257886,7.1709642,2
2937,53039,-0.053940296,7.4624534,2
2938,53041,0.6508254,7.8160133,2
2939,53043,1.8791795,8.489758,2
2940,53045,10.052281,7.8711066,7
2941,53047,0.25326824,8.119958,2
2942,53049,4.9283895,9.9269905,5
2943,53051,8.470045,10.532685,5
2944,53053,10.152131,-3.476815,18
2945,53055,6.3724823,10.69862,5
2946,53057,9.632599,4.8811026,0
2947,53059,7.7265286,9.72691,5
2948,53061,10.116576,-3.4829073,18
2949,53063,10.341532,-3.1450727,18
2950,53065,9.4493885,9.769398,7
2951,53067,10.282747,-3.3181314,18
2952,53069,5.529622,9.625939,5
2953,53071,9.327289,5.5161767,0
2954,53073,8.318617,-3.1759243,16
2955,53075,13.750983,-2.489025,14
2956,53077,11.125744,0.6401648,6
2957,55001,6.191835,11.617167,5
2958,55003,11.275054,8.677915,8
2959,55005,0.47289446,8.2225,2
2960,55007,6.6129184,12.134838,19
2961,55009,10.53645,-2.5356262,18
2962,55011,10.086742,7.9507995,7
2963,55013,5.8606963,12.675819,19
2964,55015,9.431118,0.04308583,10
2965,55017,10.278692,7.148698,13
2966,55019,12.013161,1.4429051,6
2967,55021,13.677291,1.411517,1
2968,55023,9.46387,12.035834,9
2969,55025,-0.03939884,6.0933204,3
2970,55027,9.0576515,2.58665,17
2971,55029,6.553363,12.209696,19
2972,55031,9.358385,5.533826,0
2973,55033,0.32332858,6.6865187,2
2974,55035,8.317354,-3.1759474,16
2975,55037,5.9371934,12.595287,19
2976,55039,1.8381572,5.3249655,3
2977,55041,6.37414,12.515142,19
2978,55043,12.345595,4.728982,0
2979,55045,9.053097,2.5583155,17
2980,55047,8.916777,8.137068,7
2981,55049,0.89360446,6.826565,2
2982,55051,5.6475177,12.814368,19
2983,55053,10.336605,7.1937294,13
2984,55055,10.316145,3.4804482,0
2985,55057,11.141642,8.472216,8
2986,55059,10.620661,-2.4564407,18
2987,55061,9.1306305,2.7653658,17
2988,55063,8.302465,-3.1840644,16
2989,55065,11.864425,10.489592,8
2990,55067,4.287723,9.71283,5
2991,55069,7.6731477,9.943237,5
2992,55071,10.042144,7.9181204,7
2993,55073,1.839481,5.324172,3
2994,55075,7.001852,12.428809,19
2995,55077,4.300141,9.728587,5
2996,55078,4.5144343,2.4615169,4
2997,55079,-0.6948112,6.0883727,2
2998,55081,12.633345,2.1709797,1
2999,55083,9.886948,8.515087,7
3000,55085,6.5772247,12.217854,19
3001,55087,9.464743,0.022613771,10
3002,55089,0.31643036,6.7256885,2
3003,55091,11.913355,6.488536,13
3004,55093,9.992954,0.12956822,10
3005,55095,9.958013,8.327211,7
3006,55097,10.371048,3.271871,0
3007,55099,6.6935124,12.356656,19
3008,55101,10.579236,-2.5130906,18
3009,55103,11.410382,11.944076,8
3010,55105,10.528989,-2.559261,18
3011,55107,8.290884,11.737564,9
3012,55109,8.526629,-0.034527462,10
3013,55111,13.690673,1.8066621,1
3014,55113,5.9798393,12.655026,19
3015,55115,1.1909367,6.246518,3
3016,55117,1.839651,5.324102,3
3017,55119,11.980246,10.480505,8
3018,55121,8.29748,2.2088292,17
3019,55123,2.033428,7.4950423,2
3020,55125,5.8022904,12.728403,19
3021,55127,0.3544551,6.6540203,2
3022,55129,6.6973023,12.236318,19
3023,55131,8.998861,2.1316147,17
3024,55133,9.201891,-3.1368487,16
3025,55135,10.142504,7.856894,7
3026,55137,7.6043806,9.073742,5
3027,55139,8.315621,-3.1723373,16
3028,55141,9.969784,7.9702883,7
3029,56001,13.936862,-2.6389487,14
3030,56003,11.013456,10.526333,8
3031,56005,14.610648,-0.28333512,1
3032,56007,13.650901,1.1529189,1
3033,56009,13.110796,1.2858486,1
3034,56011,8.324228,2.3714843,17
3035,56013,12.064502,9.355767,8
3036,56015,9.072921,7.456575,7
3037,56017,9.22664,12.484604,9
3038,56019,10.43308,9.852365,8
3039,56021,11.823148,-2.1690307,18
3040,56023,0.9813794,6.957197,2
3041,56025,11.84026,-2.1556954,18
3042,56027,8.828023,10.745862,5
3043,56029,9.110063,6.4384346,0
3044,56031,9.164241,9.250274,7
3045,56033,8.828343,8.1630125,7
3046,56035,9.5886,9.353323,7
3047,56037,14.626191,-0.24073401,1
3048,56039,15.550752,2.9081335,1
3049,56041,12.7366495,1.2399378,1
3050,56043,9.071572,8.40129,7
3051,56045,8.891434,7.6234765,7
