,FIPS,x,y
0,01001,-1.127833,4.40647
1,01003,16.815968,11.838623
2,01005,-6.971493,15.008939
3,01007,-2.2842543,15.971377
4,01009,-1.1316947,-4.687155
5,01011,18.881744,4.296495
6,01013,10.444761,15.736713
7,01015,11.744156,-1.4153843
8,01017,15.366317,-1.3446722
9,01019,5.718041,3.041356
10,01021,2.275018,6.1526914
11,01023,6.546853,8.437003
12,01025,-3.2153087,14.047834
13,01027,7.224458,15.451944
14,01029,6.2991614,17.233728
15,01031,-1.3170826,-4.885268
16,01033,-1.177291,-4.731853
17,01035,3.012078,9.429358
18,01037,16.563316,8.004816
19,01039,15.38563,-1.3563607
20,01041,7.226776,15.452203
21,01043,10.778024,7.4283547
22,01045,-1.6991352,-6.027462
23,01047,-13.047413,3.4083025
24,01049,3.7510905,-0.6700778
25,01051,5.0141664,-1.3667055
26,01053,15.488473,-1.4337933
27,01055,7.1095195,4.2975163
28,01057,7.4450316,14.754119
29,01059,-11.210296,1.1339688
30,01061,5.9542646,2.230714
31,01063,18.761822,4.4150343
32,01065,4.3238635,7.654599
33,01067,7.353473,17.70597
34,01069,-0.7813338,6.939438
35,01071,2.7548883,0.7430367
36,01073,-5.6861897,-3.974711
37,01075,7.333633,15.108088
38,01077,10.675539,6.8232913
39,01079,3.7801573,3.2108319
40,01081,3.7176998,-5.2582483
41,01083,-1.3988564,7.02012
42,01085,9.33524,-7.570743
43,01087,3.5098064,9.071214
44,01089,9.472353,-3.3034215
45,01091,10.262499,15.603702
46,01093,2.8288193,-10.268467
47,01095,10.588271,6.6600447
48,01097,8.967158,6.6320443
49,01099,10.367219,16.04879
50,01101,18.8749,0.28752956
51,01103,16.099333,2.1046274
52,01105,18.75855,4.4183683
53,01107,10.455979,15.7559805
54,01109,15.773508,-1.6408898
55,01111,9.991248,17.23218
56,01113,7.7959695,0.17347458
57,01115,-5.9950113,9.169067
58,01117,3.515876,-5.0520515
59,01119,18.919039,4.2594895
60,01121,10.735941,7.3303
61,01123,-6.032109,-9.387349
62,01125,4.162769,-2.9864423
63,01127,3.1881583,-0.3135188
64,01129,7.737224,17.366629
65,01131,11.322048,-6.8701925
66,01133,9.949539,17.291668
67,02013,-2.6702006,9.123894
68,02016,5.968618,0.6067717
69,02020,3.3138797,-4.856921
70,02050,7.9396224,-2.242366
71,02060,5.9979587,0.575902
72,02068,-2.6397476,9.141379
73,02070,7.9232807,-2.231862
74,02090,19.765371,9.145877
75,02100,-3.1402109,10.517162
76,02105,7.765059,11.759302
77,02110,-2.9099808,4.051882
78,02122,-1.281259,4.4755297
79,02130,-8.042239,7.4662056
80,02150,-0.6291189,12.9399185
81,02164,7.9371567,-2.2495134
82,02170,-10.115596,13.107395
83,02180,7.9252243,-2.231615
84,02185,7.941219,-2.244457
85,02188,7.937985,-2.24106
86,02195,-2.6202836,9.196378
87,02198,-9.680521,5.9620194
88,02220,-0.6582969,12.903983
89,02230,5.994093,0.5793283
90,02240,7.9287357,-2.2343645
91,02261,7.9365745,-2.2402728
92,02275,-3.1405916,10.517584
93,02282,-3.083443,10.58806
94,02290,7.942282,-2.2455451
95,04001,7.7809234,20.018522
96,04003,7.749335,0.08012593
97,04005,9.1460285,-0.9723724
98,04007,2.7454326,0.6841666
99,04009,2.2731175,5.0359135
100,04011,-3.6980762,12.631582
101,04012,0.08004904,-7.95397
102,04013,-8.018489,7.43941
103,04015,-10.275445,13.270615
104,04017,-13.327231,3.3285944
105,04019,-2.1421125,14.51048
106,04021,-5.5100727,-4.2709184
107,04023,2.7845087,1.1809748
108,04025,-10.275567,13.271059
109,04027,18.98211,0.52217215
110,05001,7.7877626,17.263624
111,05003,7.467136,16.224579
112,05005,2.7813401,1.6152968
113,05007,11.715805,-1.3864652
114,05009,2.2596798,3.3704998
115,05011,5.5037527,7.684189
116,05013,8.250088,12.36876
117,05015,5.038128,3.4634397
118,05017,9.37473,-7.499209
119,05019,10.631989,-3.9988077
120,05021,-5.599097,-7.511592
121,05023,-3.3281095,17.323536
122,05025,4.422147,14.815854
123,05027,9.981817,17.251085
124,05029,9.081716,17.596622
125,05031,-0.60853744,-2.3311067
126,05033,3.0063806,-0.19351761
127,05035,18.321638,10.213586
128,05037,7.923419,16.217869
129,05039,13.608127,16.53654
130,05041,4.990347,7.550624
131,05043,7.5820704,16.361435
132,05045,16.029884,2.0415783
133,05047,7.7966814,17.263903
134,05049,4.986392,7.5497704
135,05051,1.2785736,-5.9166255
136,05053,-5.6101236,7.7078686
137,05055,2.289325,6.1523385
138,05057,-0.5473937,-10.322384
139,05059,7.1410456,4.3347206
140,05061,6.5487843,8.442245
141,05063,2.2485526,3.3493469
142,05065,4.200928,7.614586
143,05067,9.973853,15.194604
144,05069,3.6808047,-0.63180935
145,05071,5.8052306,2.517693
146,05073,5.821926,6.891317
147,05075,11.532543,-4.484299
148,05077,18.760078,4.416772
149,05079,-4.8469462,4.7138124
150,05081,12.415286,5.294248
151,05083,10.258864,16.960829
152,05085,4.675586,-1.2106625
153,05087,7.8977785,16.205328
154,05089,9.973355,15.194585
155,05091,0.16475676,-3.8193989
156,05093,11.84192,-2.5953214
157,05095,-9.892998,0.7978927
158,05097,5.752018,7.5452952
159,05099,5.686172,7.4155154
160,05101,5.712367,7.020639
161,05103,6.19852,1.8984934
162,05105,16.49062,8.3022995
163,05107,3.3358154,9.102988
164,05109,6.5064635,8.32084
165,05111,6.208519,1.8919107
166,05113,10.294808,15.913689
167,05115,3.196468,-0.3249783
168,05117,15.532693,8.227606
169,05119,4.9547663,-4.0360107
170,05121,10.1015,15.356821
171,05123,-7.023342,15.064357
172,05125,-0.9457266,6.8761854
173,05127,4.981896,7.451626
174,05129,11.559015,-9.526362
175,05131,11.038658,0.4630845
176,05133,7.774357,17.281525
177,05135,3.5836182,8.936714
178,05137,3.9799552,7.821551
179,05139,2.2994044,3.1502898
180,05141,7.9256263,16.216635
181,05143,9.421122,-10.041009
182,05145,-4.761935,-1.7242519
183,05147,-9.892888,0.797889
184,05149,10.254719,16.956186
185,06001,6.1727924,-3.4657638
186,06003,7.3334527,-3.1012053
187,06005,-0.5471656,-10.322165
188,06007,12.603965,2.4055011
189,06009,-3.5128353,14.85282
190,06011,10.308663,1.6740762
191,06013,16.349167,-3.2817013
192,06015,-10.187297,-2.9741774
193,06017,1.4942532,-5.9485846
194,06019,13.535436,19.204666
195,06021,1.3061684,2.4236553
196,06023,-7.0505986,5.3621206
197,06025,-13.097507,3.3776278
198,06027,10.637862,-3.9884205
199,06029,-2.1648555,-0.87119454
200,06031,-4.485803,-3.964364
201,06033,18.8468,0.39583024
202,06035,6.154471,-4.984704
203,06037,-4.4484105,-6.1511655
204,06039,1.4369081,-5.900481
205,06041,-8.001089,5.3698955
206,06043,-2.1652777,13.265379
207,06045,3.8708627,6.3067904
208,06047,-10.18728,-2.9741647
209,06049,-10.06351,13.053661
210,06051,14.989176,0.976369
211,06053,-8.020055,7.4445853
212,06055,13.603239,-3.657443
213,06057,-9.733726,3.4866292
214,06059,-5.669786,3.6223724
215,06061,8.96712,6.632015
216,06063,-5.511177,-4.2691216
217,06065,4.8749447,-8.721648
218,06067,16.97761,3.6656733
219,06069,19.062895,0.6114032
220,06071,-1.9348899,1.4853671
221,06073,2.4303744,-8.051266
222,06075,-5.053248,-8.895136
223,06077,-8.603828,8.9493685
224,06079,9.225845,-1.0431588
225,06081,-4.710432,13.731519
226,06083,-8.022775,7.4477577
227,06085,-4.6844897,13.758775
228,06087,16.214817,-3.3998976
229,06089,21.170204,0.38166898
230,06091,10.852206,12.666505
231,06093,12.308188,-5.7577105
232,06095,-5.9423223,3.3857474
233,06097,-2.142162,14.510958
234,06099,13.796616,-3.4896424
235,06101,3.7437837,-11.068787
236,06103,20.096886,7.4368644
237,06105,-0.5472259,-10.322135
238,06107,-7.9947996,5.370543
239,06109,1.6312139,-6.0800056
240,06111,4.5720077,-9.195222
241,06113,-10.276002,13.271154
242,06115,-2.1749437,-0.88162416
243,08001,16.30281,-3.32144
244,08003,7.8980274,16.206688
245,08005,2.4305925,-8.051273
246,08007,12.046585,1.0791795
247,08009,13.734021,9.69715
248,08011,13.62628,16.551296
249,08013,16.33993,-3.2887022
250,08014,-2.5229921,3.7466998
251,08015,10.209152,1.8059005
252,08017,11.883393,12.716565
253,08019,-2.0189211,-0.708064
254,08021,15.063236,7.1707234
255,08023,12.9874525,9.432125
256,08025,13.617265,16.545738
257,08027,8.774458,11.224919
258,08029,3.1305027,3.5263085
259,08031,-5.05292,-8.895157
260,08033,2.334435,12.022437
261,08035,10.628469,-10.060982
262,08037,5.0868387,-8.435913
263,08039,10.63991,3.0919027
264,08041,-1.2451596,17.011156
265,08043,7.987036,1.7301046
266,08045,-4.354368,-3.8437645
267,08047,1.6852192,-4.264261
268,08049,-6.974404,11.191087
269,08051,12.307953,-5.757512
270,08053,-2.885213,9.782416
271,08055,13.61647,16.54468
272,08057,11.45833,13.529615
273,08059,-7.286475,3.8743057
274,08061,14.639681,10.80027
275,08063,8.106727,12.03442
276,08065,1.4316046,-5.911186
277,08067,-1.3421082,4.4962134
278,08069,-5.761815,-6.1653666
279,08071,7.802584,0.22308198
280,08073,8.129846,12.099078
281,08075,1.3422713,-10.404411
282,08077,-1.2451093,17.011326
283,08079,-3.0276997,10.083526
284,08081,6.9202957,11.022065
285,08083,0.3943479,1.6769018
286,08085,1.8067516,6.5925355
287,08087,14.252101,2.8154516
288,08089,-0.41262138,18.195347
289,08091,-2.634202,9.185374
290,08093,-0.43569458,13.264825
291,08095,10.62681,11.698095
292,08097,2.8798592,-3.1132185
293,08099,11.676291,-1.3449827
294,08101,17.25243,1.4253088
295,08103,-3.8204277,12.525704
296,08105,16.54679,8.12103
297,08107,10.511141,3.2262807
298,08109,15.021833,7.523776
299,08111,2.5841594,12.410315
300,08113,-0.6594902,12.901528
301,08115,13.972283,10.267452
302,08117,5.312117,-8.147462
303,08119,16.26336,14.12765
304,08121,8.104887,12.029876
305,08123,20.076216,7.407759
306,08125,7.561877,11.948749
307,09001,-0.48790497,18.270756
308,09003,-4.6062236,6.025536
309,09005,14.866766,-6.5009155
310,09007,-5.1239586,11.175425
311,09009,6.14628,-11.245308
312,09011,11.375499,-6.9170346
313,09013,-4.501721,7.8687057
314,09015,12.306363,-5.753434
315,10001,-8.628594,8.92432
316,10003,16.978487,3.6656287
317,10005,-0.30891684,-2.0101757
318,11001,-5.053118,-8.89539
319,12001,6.394194,-11.518497
320,12003,-4.9726725,-0.33372054
321,12005,13.35413,4.369528
322,12007,5.0408573,3.469044
323,12009,-11.427091,0.05039642
324,12011,-8.000498,5.3696175
325,12013,-5.5991235,-7.511459
326,12015,3.6630738,-5.203431
327,12017,6.173263,-3.4658751
328,12019,21.79914,1.8711662
329,12021,-3.8621407,-5.411026
330,12023,4.138482,-0.8879781
331,12027,15.558164,-1.4900508
332,12029,9.98089,15.205907
333,12031,-11.00305,9.006163
334,12033,11.195604,-6.762304
335,12035,-0.96645105,6.9069843
336,12037,6.4849772,8.356607
337,12039,-5.5123243,-4.2613807
338,12041,7.5876446,16.359217
339,12043,7.22699,15.451951
340,12045,7.106574,17.586958
341,12047,4.2595925,7.6739225
342,12049,5.806682,2.5171516
343,12051,2.4159276,2.7432551
344,12053,-0.3504445,-2.0533087
345,12055,13.504904,6.501616
346,12057,12.603967,2.4054499
347,12059,10.285605,15.783834
348,12061,3.7132967,-5.253194
349,12063,-3.9522984,-8.688948
350,12065,5.7472267,16.946226
351,12067,15.401297,8.188408
352,12069,1.4591638,-5.9120607
353,12071,18.857435,0.358743
354,12073,-8.012458,7.4345846
355,12075,2.7836254,1.618326
356,12077,15.27394,8.097723
357,12079,10.136491,15.413041
358,12081,13.8155365,-3.474252
359,12083,11.663255,3.5413656
360,12085,-10.060804,13.051033
361,12086,-4.6897845,13.752976
362,12087,-12.218739,6.5901875
363,12089,7.319077,-3.1136296
364,12091,1.4640528,-5.9236107
365,12093,11.159704,-6.729496
366,12095,-5.921688,3.4050667
367,12097,3.7435164,-11.069259
368,12099,-10.9949255,9.014521
369,12101,-0.5677476,-2.2854164
370,12103,-8.012239,7.4346933
371,12105,20.098728,7.4405813
372,12107,-0.59598374,-0.8510314
373,12109,7.0542617,4.2337327
374,12111,7.7508,0.55537176
375,12113,8.067532,-9.082519
376,12115,13.52297,19.218987
377,12117,9.132018,-0.9569473
378,12119,16.003658,2.0179608
379,12121,2.7946346,1.3880041
380,12123,10.265353,17.00868
381,12125,1.7249428,-4.180498
382,12127,-4.3980646,-3.8829083
383,12129,-5.8250012,0.0870934
384,12131,11.621305,-7.140749
385,12133,6.054579,2.0526125
386,13001,7.582325,16.390358
387,13003,5.5812736,7.1733403
388,13005,6.023514,7.871975
389,13007,13.488389,9.737413
390,13009,2.567443,2.204095
391,13011,0.4182826,12.192739
392,13013,5.0126567,-1.3660507
393,13015,-0.972447,6.9217196
394,13017,3.6035936,9.025495
395,13019,7.526746,14.567947
396,13023,-4.850318,4.699857
397,13025,7.4940023,16.288467
398,13027,-5.5990562,-7.5120025
399,13029,-2.8504677,4.01757
400,13031,-4.7619267,-1.7242608
401,13033,9.738852,17.459652
402,13035,0.020845754,2.700918
403,13037,-9.8930435,0.7975247
404,13039,-1.6666301,5.4172053
405,13043,5.0057344,7.429142
406,13045,16.099321,2.1046116
407,13047,4.5595098,-1.1364251
408,13049,6.5469947,8.437912
409,13051,4.3368287,-9.560303
410,13055,6.0530996,2.0540323
411,13057,-10.237122,13.233335
412,13059,15.854813,1.8775928
413,13061,12.926019,9.370275
414,13063,-10.97645,9.032882
415,13065,13.6264515,16.55272
416,13067,14.053047,-7.391422
417,13069,2.7653053,1.5769455
418,13071,2.7960627,1.3562614
419,13073,-13.278777,3.3355954
420,13075,7.4483943,14.730923
421,13077,-1.8526026,7.0278063
422,13079,5.337429,16.443295
423,13081,-6.8960614,14.925366
424,13083,0.5454004,4.8541393
425,13085,10.360205,3.381858
426,13087,5.8331265,2.4649372
427,13089,-4.412214,15.749462
428,13091,3.2029686,8.918096
429,13093,4.203164,7.61765
430,13095,17.252237,1.4254208
431,13097,-0.54659635,-10.322235
432,13099,9.227523,-7.0890207
433,13103,9.552064,-1.9519428
434,13105,7.5292583,14.5681715
435,13107,-6.854868,14.87945
436,13109,5.399373,7.649848
437,13111,-3.3156397,17.314465
438,13113,-1.6901942,7.0336766
439,13115,10.582838,6.6491
440,13117,3.4146333,-4.94977
441,13119,9.841738,17.394651
442,13121,-4.601829,6.020862
443,13123,3.109629,3.5008473
444,13125,2.8564076,11.0485
445,13127,-5.992257,9.171995
446,13129,-1.14711,-4.7025065
447,13131,5.676052,2.9726639
448,13133,0.30535698,12.002537
449,13135,-6.974583,11.191218
450,13137,2.0597296,6.6579294
451,13139,-9.080762,-1.8019065
452,13141,11.55904,-9.526373
453,13143,1.3814498,2.4739137
454,13145,-2.9244943,4.0537944
455,13147,0.42832842,2.1698792
456,13149,-4.841225,4.693683
457,13151,-14.003333,7.841737
458,13153,-9.689709,5.9708633
459,13155,5.7905054,7.636284
460,13157,-3.3963177,-10.19963
461,13159,12.085752,1.0459312
462,13161,-5.5990934,-7.5121403
463,13163,-5.59894,-7.5121555
464,13165,11.559041,-9.526372
465,13167,9.227273,-7.09058
466,13169,-5.2343946,-0.22144629
467,13171,-3.6098318,-3.0663576
468,13173,6.4686093,8.275402
469,13175,2.775904,1.0297303
470,13177,16.099508,13.997494
471,13179,2.8636355,-0.117391296
472,13181,4.4646726,14.859243
473,13183,7.6915836,17.75222
474,13185,16.098972,2.1046007
475,13187,-6.0479774,0.21360016
476,13189,10.2381935,17.00391
477,13191,12.2062645,5.6342955
478,13193,3.0509152,9.397067
479,13195,1.6406317,-1.9888453
480,13197,15.061738,7.133419
481,13199,10.437245,15.979654
482,13201,14.827575,8.815465
483,13205,-6.863174,14.888392
484,13207,16.64912,14.427411
485,13209,15.411572,8.1974325
486,13211,10.039705,2.0151236
487,13213,2.3581874,2.875917
488,13215,3.508359,-5.0458856
489,13217,-0.9670051,6.921897
490,13219,-0.76097435,8.480953
491,13221,0.6768108,5.07217
492,13223,-14.003308,7.841797
493,13225,0.6458858,2.1217487
494,13227,16.063398,13.971538
495,13229,8.132452,17.714275
496,13231,-0.3508446,13.344627
497,13233,2.4599595,2.5586908
498,13235,6.468399,8.311958
499,13237,0.027891535,3.29846
500,13241,7.7606726,17.313528
501,13243,-3.203027,-1.8167627
502,13245,3.5134187,-5.0519114
503,13247,-3.3965461,-10.199474
504,13249,8.248487,12.366657
505,13251,7.2289534,15.451206
506,13253,5.5598793,7.1983805
507,13255,3.351585,-0.4408723
508,13257,-10.046439,13.035784
509,13259,-9.892924,0.7978008
510,13261,2.829461,-10.268997
511,13263,13.604867,16.532099
512,13265,13.082505,9.531061
513,13267,5.700077,3.0252166
514,13269,5.6813617,7.053958
515,13271,3.7117138,9.070323
516,13273,5.7634916,6.9715004
517,13275,2.5837367,2.1564982
518,13277,2.3684914,2.851368
519,13279,5.945355,2.2429726
520,13281,-4.8298683,4.6801944
521,13283,5.8119674,6.905761
522,13285,4.0928807,-0.85467064
523,13287,9.23401,-7.278424
524,13289,15.36023,8.171591
525,13291,16.908361,4.6524043
526,13293,5.575702,2.9653072
527,13295,6.1428585,-4.972004
528,13297,-1.4144175,7.025834
529,13299,15.529875,-1.4666612
530,13301,13.656943,16.592028
531,13303,10.337848,16.000364
532,13305,-0.54725504,-10.322166
533,13309,9.23622,-7.2781715
534,13311,1.6017724,-1.9460438
535,13313,-0.7805493,6.9398575
536,13315,5.7480383,6.988778
537,13317,6.0801773,7.915346
538,13319,15.417722,8.202344
539,13321,-0.48373368,3.2481759
540,15001,7.6962767,0.0016292671
541,15003,2.4303296,-8.051378
542,15007,17.533821,-3.692309
543,15009,-1.2451723,17.011263
544,16001,8.256823,3.41178
545,16003,2.9135551,11.664904
546,16005,5.0529346,-8.472433
547,16007,10.606412,11.231626
548,16009,1.6982973,-4.2193527
549,16011,6.313,-5.130515
550,16013,15.554855,3.7828226
551,16015,7.868464,10.9194565
552,16017,-0.3601131,18.14399
553,16019,-7.3989515,-3.9672666
554,16021,5.402651,16.495232
555,16023,11.505373,13.604845
556,16025,11.731235,13.052254
557,16027,-12.218861,6.589954
558,16029,7.38919,9.925072
559,16031,0.094311394,3.0070286
560,16033,2.719654,12.484342
561,16035,4.6769485,15.131253
562,16037,8.090384,11.988147
563,16039,0.36980352,1.634364
564,16041,-10.055436,13.04522
565,16043,12.068992,1.0625741
566,16045,0.48567948,4.665027
567,16047,0.6768341,5.072021
568,16049,7.353568,15.66068
569,16051,16.521114,14.325352
570,16053,8.776967,5.3386326
571,16055,-6.9743867,11.189668
572,16057,2.1163235,5.7279882
573,16059,14.15827,9.168681
574,16061,2.9468338,11.638607
575,16063,10.248537,10.331937
576,16065,4.18576,2.515504
577,16067,1.2536138,-10.328871
578,16069,9.453823,-3.3185291
579,16071,10.61338,11.641168
580,16073,4.1953673,13.263848
581,16075,6.311185,-5.128716
582,16077,7.641109,11.845541
583,16079,4.6853304,7.6285453
584,16081,-3.5715048,12.746185
585,16083,-5.9930143,9.1715
586,16085,6.884167,11.0217285
587,16087,16.33413,8.180099
588,17001,-0.60866845,-2.332129
589,17003,5.801437,6.913429
590,17005,13.506052,-5.5372605
591,17007,-2.372588,3.7724042
592,17009,8.453575,11.081431
593,17011,7.529861,-10.011334
594,17013,8.80537,11.240677
595,17015,12.10068,1.0320216
596,17017,4.783593,12.459539
597,17019,-4.6858373,13.758015
598,17021,-6.868693,8.268347
599,17023,6.1729655,-6.434828
600,17025,-4.850618,4.703623
601,17027,-9.551557,-5.190873
602,17029,-6.6796727,7.133887
603,17031,2.8528671,-3.0851061
604,17033,-5.6082335,7.7028017
605,17035,6.864802,11.062312
606,17037,0.85772026,8.5477915
607,17039,13.478926,-5.55028
608,17041,10.162284,1.8672225
609,17043,5.073949,-8.451393
610,17045,-5.629437,7.7298627
611,17047,10.695356,10.334005
612,17049,7.789212,0.13672492
613,17051,-0.29725903,3.0567293
614,17053,1.384885,13.138906
615,17055,4.1869626,2.5183716
616,17057,14.658554,-4.9547367
617,17059,14.695524,8.842364
618,17061,5.5841613,16.72678
619,17063,-2.4935133,3.7871044
620,17065,7.644228,11.796441
621,17067,0.30783248,12.004867
622,17069,14.780097,9.076947
623,17071,8.067482,-9.0825615
624,17073,17.702978,3.0231829
625,17075,1.6877447,-4.2630653
626,17077,-8.599885,8.953278
627,17079,5.406508,11.308594
628,17081,2.3807867,4.4954925
629,17083,16.814335,14.96866
630,17085,-9.537703,-5.19828
631,17087,1.4753401,13.128489
632,17089,18.355062,6.5462966
633,17091,7.781713,20.017895
634,17093,-10.439911,-1.2879792
635,17095,-5.7600327,-6.1643324
636,17097,-8.590866,8.962583
637,17099,-13.60743,3.3116682
638,17101,12.108341,5.9991236
639,17103,-6.4235997,0.32484877
640,17105,1.0761843,-5.9925656
641,17107,1.6466349,-6.1072226
642,17109,-5.658358,3.630232
643,17111,11.03867,0.46315464
644,17113,-7.9927325,5.370928
645,17115,13.537067,19.202845
646,17117,-2.0910938,-0.78722644
647,17119,13.58485,-3.6737256
648,17121,7.8003025,0.20782696
649,17123,5.734917,11.064831
650,17125,-3.042395,0.9362106
651,17127,12.155474,5.865411
652,17129,-0.5265679,13.071985
653,17131,0.9239634,13.217174
654,17133,4.317603,-3.152797
655,17135,-4.9629793,-0.34242052
656,17137,2.7858293,3.7903724
657,17139,0.845207,13.345909
658,17141,-1.6827668,5.1909866
659,17143,-2.0542557,-0.73790216
660,17145,7.7692766,0.53283715
661,17147,-0.28844386,13.386882
662,17149,-2.59476,1.2036629
663,17151,14.68169,9.07282
664,17153,8.257058,3.410976
665,17155,-3.9347858,12.423799
666,17157,-6.8686824,8.26837
667,17159,-2.5965443,1.2026619
668,17161,6.350618,-11.472246
669,17163,6.0473022,-11.134944
670,17165,9.98146,17.254034
671,17167,-10.995033,9.014416
672,17169,10.663136,11.327899
673,17171,8.795952,11.23763
674,17173,10.324211,1.6576152
675,17175,10.540954,11.026863
676,17177,2.2693446,6.182282
677,17179,-7.576159,-2.1108634
678,17181,0.5457536,4.8352914
679,17183,-11.42654,0.04579497
680,17185,4.977388,12.003517
681,17187,6.0868864,-6.4995065
682,17189,-13.592367,3.3126976
683,17191,0.6446608,5.0009665
684,17193,-3.0138643,0.94956094
685,17195,-9.541752,-5.196107
686,17197,-0.45419842,-2.1641145
687,17199,3.2548375,-0.36898685
688,17201,0.62392783,8.650296
689,17203,-2.7783475,4.0308867
690,18001,-6.612335,0.3198874
691,18003,17.252546,1.425293
692,18005,5.0127087,-1.361782
693,18007,4.7574697,13.67275
694,18009,-4.849093,4.695428
695,18011,-2.5383716,3.7326012
696,18013,0.67339855,13.482695
697,18015,10.185694,1.8373835
698,18017,-8.765477,3.7728891
699,18019,-4.387127,7.7446213
700,18021,8.875113,5.4572697
701,18023,-8.0775175,-6.576346
702,18025,16.479284,8.181516
703,18027,-6.163252,0.26179403
704,18029,-1.674044,4.6299253
705,18031,16.778074,14.56093
706,18033,-5.7360477,-3.9133625
707,18035,-2.1421206,14.511058
708,18037,-2.442457,4.4721513
709,18039,3.8713698,6.3078575
710,18041,-0.09323609,2.7744467
711,18043,18.848974,0.30778304
712,18045,6.127777,-6.465104
713,18047,16.883587,15.10442
714,18049,1.1927975,-10.272567
715,18051,-5.9213967,0.15082678
716,18053,3.2479258,-0.36363757
717,18055,3.1242883,3.5506725
718,18057,3.2829564,-4.828806
719,18059,17.533714,-3.692299
720,18061,-7.101106,0.2933123
721,18063,5.008077,-3.983645
722,18065,8.000242,1.6636679
723,18067,-5.995804,9.16841
724,18069,-6.4568143,0.34783915
725,18071,1.9413737,6.8103952
726,18073,7.046781,4.226401
727,18075,-0.46555516,3.2425613
728,18077,-8.077454,-6.5763946
729,18079,1.7042158,-2.0574
730,18081,11.767851,-1.4404114
731,18083,-8.718826,3.726737
732,18085,-5.997418,9.166906
733,18087,-2.6161726,4.2888823
734,18089,-5.7237244,-3.9282444
735,18091,15.256614,0.08986281
736,18093,2.0496535,6.734281
737,18095,15.858141,1.8811891
738,18097,5.2301493,-8.254684
739,18099,1.8808571,6.933976
740,18101,5.475714,11.316286
741,18103,2.562266,3.9435775
742,18105,-5.6606636,3.6289277
743,18107,8.257474,3.4105048
744,18109,-2.3006217,3.471409
745,18111,12.051209,1.0757089
746,18113,-1.7756989,4.72554
747,18115,7.7743974,10.606514
748,18117,8.132362,17.751158
749,18119,0.12779348,3.827281
750,18121,0.52441144,4.783817
751,18123,-5.6081567,7.7027574
752,18125,1.4578604,13.133129
753,18127,7.725185,0.60105985
754,18129,10.365981,3.376166
755,18131,5.1358867,16.218206
756,18133,-6.4698224,0.34270167
757,18135,0.3146641,2.2954404
758,18137,-5.4775906,-0.11001293
759,18139,6.0998588,-6.4880033
760,18141,-10.944226,9.066204
761,18143,-3.3401031,17.333202
762,18145,1.8929704,6.907385
763,18147,10.202234,1.8142034
764,18149,0.08188742,2.947001
765,18151,-5.877839,0.12880872
766,18153,14.947417,18.168962
767,18155,5.2501354,16.253305
768,18157,6.387322,-11.511646
769,18159,0.6730206,13.485536
770,18161,10.765959,10.302589
771,18163,4.776067,-8.868965
772,18165,-2.7228575,1.1142771
773,18167,18.876352,0.28670147
774,18169,1.542758,-1.8836402
775,18171,6.383346,10.202708
776,18173,-2.3079507,3.6313872
777,18175,5.0327005,3.4504607
778,18177,3.2410634,-0.35644472
779,18179,16.59015,14.367123
780,18181,16.756575,14.735381
781,18183,-2.342129,-8.389939
782,19001,8.024852,11.175828
783,19003,10.670807,12.051707
784,19005,12.0489,1.0779911
785,19007,-4.8669696,4.704776
786,19009,10.528041,10.4241
787,19011,1.7350377,-4.1665025
788,19013,-1.2692758,-2.727359
789,19015,16.417711,14.270512
790,19017,10.305146,3.435102
791,19019,16.844088,15.030809
792,19021,1.2155766,-10.295453
793,19023,0.9864445,13.1328745
794,19025,5.4015045,11.339224
795,19027,16.884583,15.110369
796,19029,5.12965,16.209494
797,19031,-0.38719964,13.326639
798,19033,-1.2452401,17.0111
799,19035,5.6544952,11.142798
800,19037,16.315447,5.9199004
801,19039,-0.5465936,-10.322244
802,19041,0.6051442,12.53299
803,19043,0.30514035,12.003194
804,19045,-7.1596975,5.249275
805,19047,13.507211,-5.5368743
806,19049,-13.468355,3.3192463
807,19051,5.3970823,11.260622
808,19053,15.229951,8.091192
809,19055,0.36356935,13.536426
810,19057,-0.32399574,-2.0260873
811,19059,13.507795,-5.536439
812,19061,-5.705789,3.5947695
813,19063,4.6850057,13.269983
814,19065,0.30603915,4.305991
815,19067,6.1702228,-6.435715
816,19069,6.5713177,10.681506
817,19071,8.0285635,11.175903
818,19073,4.769755,13.571256
819,19075,16.315435,5.9199033
820,19077,6.865125,11.064512
821,19079,0.90044606,12.955639
822,19081,6.8674674,11.06158
823,19083,13.507362,-5.536702
824,19085,0.85264164,13.338235
825,19087,6.1724744,-3.4659657
826,19089,7.675212,11.707617
827,19091,6.7708845,10.453669
828,19093,7.299983,9.977032
829,19095,-0.025093203,13.472051
830,19097,0.350072,12.077896
831,19099,-7.3298497,0.23571977
832,19101,7.576134,17.744383
833,19103,-1.9379714,1.4842296
834,19105,10.2844925,1.7060752
835,19107,4.7605963,12.55716
836,19109,13.478295,-5.550876
837,19111,5.0106125,-3.9858284
838,19113,9.199786,-1.0181516
839,19115,5.127601,16.140327
840,19117,4.6400366,14.028979
841,19119,-3.5866935,12.731513
842,19121,-0.48915687,13.122886
843,19123,-7.5767255,-2.1106741
844,19125,16.055473,13.965375
845,19127,13.354612,4.3687778
846,19129,-0.11157541,13.451382
847,19131,6.5651703,10.690262
848,19133,4.677071,13.950059
849,19135,7.9428983,10.817633
850,19137,4.388602,13.21152
851,19139,0.7404758,8.606249
852,19141,12.050205,1.0765158
853,19143,7.4035373,9.957631
854,19145,6.175026,-6.4358716
855,19147,5.3948164,11.251172
856,19149,16.265865,14.129958
857,19151,8.392055,11.055158
858,19153,5.0477366,-8.483167
859,19155,-11.689891,12.0363655
860,19157,0.4298847,12.210102
861,19159,10.053844,10.18183
862,19161,5.3899345,11.181517
863,19163,-4.5017157,7.8692727
864,19165,6.43593,10.680031
865,19167,-2.9240477,4.0658503
866,19169,6.0426316,-11.129594
867,19171,0.5747786,12.480762
868,19173,4.308527,14.657044
869,19175,-5.5104494,-4.2703433
870,19177,4.3043985,14.665694
871,19179,-0.2798051,-8.00613
872,19181,9.276397,3.552002
873,19183,10.323025,3.4186082
874,19185,5.7041526,14.7599945
875,19187,-10.93837,9.072263
876,19189,5.3495655,11.549331
877,19191,16.898497,15.123677
878,19193,-8.672814,8.8795
879,19195,6.6890163,10.059793
880,19197,1.4215138,13.140198
881,20001,-4.862418,4.707985
882,20003,4.716726,13.862084
883,20005,0.5420743,4.841211
884,20007,1.6483327,11.745099
885,20009,0.40539113,1.699267
886,20011,12.263105,5.534869
887,20013,4.761322,15.262025
888,20015,-2.3032665,3.4791164
889,20017,10.8444195,13.312601
890,20019,14.685573,9.637504
891,20021,8.162921,17.714666
892,20023,2.8682892,11.07603
893,20025,11.151198,13.298976
894,20027,7.6432304,11.829236
895,20029,5.3998585,14.981017
896,20031,6.60285,10.090698
897,20033,2.480679,12.267304
898,20035,2.593469,3.9164488
899,20037,2.2545,3.3605626
900,20039,3.035874,11.319234
901,20041,0.41803202,4.4801035
902,20043,5.0188165,-3.974604
903,20045,16.361324,-3.2689226
904,20047,2.2822278,11.937246
905,20049,13.365025,9.7358
906,20051,-4.984222,-0.32830808
907,20053,10.785038,10.28874
908,20055,11.336434,-6.8809505
909,20057,-0.35202318,18.135656
910,20059,16.793465,14.659784
911,20061,-8.077572,-6.576314
912,20063,10.651834,13.382833
913,20065,14.61128,10.054851
914,20067,7.385576,9.923448
915,20069,-3.9247534,12.433553
916,20071,11.439153,13.385668
917,20073,14.579632,8.706258
918,20075,10.9166765,12.830439
919,20077,8.231096,12.340291
920,20079,14.129398,2.9374597
921,20081,7.6687155,9.558621
922,20083,11.886358,12.776677
923,20085,1.3054953,13.121942
924,20087,-0.4192953,13.2875185
925,20089,2.9751737,11.2199335
926,20091,-2.013177,21.170973
927,20093,-2.7694361,9.538359
928,20095,8.274252,11.035054
929,20097,-2.7954247,9.580006
930,20099,8.149174,17.723495
931,20101,-3.1882284,10.341792
932,20103,17.533688,-3.6923292
933,20105,2.9798062,11.22941
934,20107,4.751165,15.252105
935,20109,10.6725025,13.403971
936,20111,2.843592,3.7465317
937,20113,-5.508734,-0.10146219
938,20115,4.783991,12.460559
939,20117,4.483567,13.204579
940,20119,-2.6260996,9.189839
941,20121,-2.9317505,4.0648623
942,20123,10.646038,10.35813
943,20125,4.061842,3.0189455
944,20127,10.063218,10.19742
945,20129,11.933348,12.743775
946,20131,6.591951,10.685711
947,20133,7.086832,17.576603
948,20135,10.90145,12.7937355
949,20137,1.6137747,11.724944
950,20139,6.171562,-6.4349566
951,20141,2.6902332,11.711137
952,20143,-0.6065477,-6.5732784
953,20145,5.707899,14.757315
954,20147,1.6071655,11.71486
955,20149,10.352288,3.3895607
956,20151,7.670779,11.699112
957,20153,2.3188884,11.934518
958,20155,11.482696,-7.013414
959,20157,9.993495,10.1577425
960,20159,4.6436005,13.196546
961,20161,4.301773,-1.0104462
962,20163,1.618795,11.7264385
963,20165,2.9844365,11.220689
964,20167,5.656446,14.799447
965,20169,12.603321,2.405457
966,20171,-2.7472851,9.495788
967,20173,-10.439647,-1.2878777
968,20175,0.017947216,3.375615
969,20177,15.554687,3.7826107
970,20179,10.794574,13.32632
971,20181,8.219064,12.320902
972,20183,14.712865,9.1909685
973,20185,1.6640955,11.753887
974,20187,-2.9640646,10.00367
975,20189,7.7696753,10.537334
976,20191,-5.5563073,-0.46852902
977,20193,7.981363,11.163183
978,20195,10.616153,13.40764
979,20197,7.2249827,9.969029
980,20199,11.350612,13.385211
981,20201,4.021773,14.698267
982,20203,-2.9615347,10.003601
983,20205,5.227521,15.089758
984,20207,2.9530687,11.188344
985,20209,-8.793598,8.759123
986,21001,10.307765,15.615658
987,21003,9.180542,17.58136
988,21005,16.875778,15.08905
989,21007,4.4142733,14.803483
990,21009,2.5735471,2.1911538
991,21011,-4.8665667,4.7050276
992,21013,-7.089709,15.132992
993,21015,-0.33685333,-2.039279
994,21017,-0.48264197,3.2493098
995,21019,3.8561153,6.3178325
996,21021,-5.747678,-3.898044
997,21023,7.9483767,10.82331
998,21025,2.8834877,9.529933
999,21027,14.947423,18.168947
1000,21029,-0.006083183,-7.984393
1001,21031,12.38595,5.3364677
1002,21033,12.418166,5.2904987
1003,21035,4.1858344,2.5157096
1004,21037,-2.142851,14.511564
1005,21039,-0.7116908,14.860765
1006,21041,5.2564034,16.255049
1007,21043,-7.0434227,15.08626
1008,21045,3.6912475,9.058044
1009,21047,-2.2661476,15.989546
1010,21049,-9.928963,-2.118689
1011,21051,3.3047814,9.100174
1012,21053,9.383203,-7.5005364
1013,21055,16.146076,8.172927
1014,21057,-9.892914,0.7976331
1015,21059,12.604016,2.4054854
1016,21061,12.398483,5.3189435
1017,21063,5.784575,6.9448175
1018,21065,4.294833,7.6611776
1019,21069,12.205125,5.6406846
1020,21071,15.747658,-1.6324214
1021,21073,-1.3379871,-4.9057374
1022,21075,4.9580503,-4.0330443
1023,21077,4.476419,14.525608
1024,21079,-5.6516657,7.752194
1025,21081,8.779442,5.341722
1026,21083,2.4080791,4.4341354
1027,21085,5.525485,2.9443579
1028,21087,5.2842574,7.619778
1029,21089,-10.537874,7.3171487
1030,21091,7.9699984,10.851663
1031,21093,-0.8096611,6.9367247
1032,21095,-7.0851297,15.1291
1033,21097,-5.60822,7.704224
1034,21099,10.32777,15.610538
1035,21101,9.147441,-0.97270775
1036,21103,6.145487,-6.451378
1037,21105,2.9572024,11.664049
1038,21107,2.2762027,6.1214685
1039,21109,4.091616,7.756254
1040,21111,16.220182,-3.398307
1041,21113,7.739584,0.04812863
1042,21115,10.07925,17.051455
1043,21117,-8.785058,8.769033
1044,21119,3.2508,9.254177
1045,21121,15.756398,-1.637161
1046,21123,7.906098,-5.024522
1047,21125,2.934447,-0.20780241
1048,21127,-5.598971,-7.5123096
1049,21129,-3.196973,-1.8125237
1050,21131,9.39364,-7.4880743
1051,21133,3.1196258,8.999898
1052,21135,4.1151533,7.742867
1053,21137,9.868482,17.822643
1054,21139,4.884005,15.474224
1055,21141,0.5362744,2.0841243
1056,21143,4.4095078,14.736872
1057,21145,1.1053298,-5.9814324
1058,21147,3.3719137,9.118571
1059,21149,4.863227,15.426942
1060,21151,10.683102,6.8240457
1061,21153,2.876476,9.535014
1062,21155,8.12448,17.787699
1063,21157,1.5431155,-1.8838078
1064,21159,18.916552,4.261864
1065,21161,11.345746,-6.887757
1066,21163,-5.476965,-0.11029678
1067,21165,-9.8929,0.7976513
1068,21167,1.3390205,-10.401601
1069,21169,5.0370398,7.405834
1070,21171,4.9951015,7.438132
1071,21173,1.2103019,2.3672023
1072,21175,4.12526,7.737554
1073,21177,2.0066977,1.0601306
1074,21179,1.8803227,6.9168468
1075,21181,15.148423,8.19531
1076,21183,-3.3400867,17.333134
1077,21185,-9.881134,7.853065
1078,21187,5.118228,16.09056
1079,21189,12.828816,9.267316
1080,21191,6.1758013,-6.4331565
1081,21193,-7.0438795,15.086628
1082,21195,-0.30283448,-7.996318
1083,21197,19.070745,-1.330658
1084,21199,3.264113,-0.39823273
1085,21201,3.286629,11.355972
1086,21203,9.995696,15.223944
1087,21205,5.677487,2.9829104
1088,21207,3.5712898,9.008821
1089,21209,7.750425,0.56305677
1090,21211,-1.7054875,4.6456103
1091,21213,-5.608883,7.7055764
1092,21215,19.557571,10.361834
1093,21217,-3.3249843,17.320694
1094,21219,5.1148944,16.18931
1095,21221,-2.8638277,1.0335375
1096,21223,4.752587,13.697906
1097,21225,5.906899,17.032337
1098,21227,19.765295,9.14573
1099,21229,5.114021,16.18554
1100,21231,3.0774114,8.95147
1101,21233,5.6193113,16.772686
1102,21235,15.603686,-1.5242752
1103,21237,-3.1856546,-1.8038507
1104,21239,16.290916,14.152818
1105,22001,3.033858,-0.2648616
1106,22003,-3.314594,17.313208
1107,22005,-1.8185654,7.0355544
1108,22007,-0.100886345,2.7722766
1109,22009,11.841919,-2.5953345
1110,22011,-6.709269,0.32297346
1111,22013,3.9923007,7.814377
1112,22015,20.859993,5.936638
1113,22017,4.58422,-9.174055
1114,22019,17.297356,-5.179988
1115,22021,6.4013844,8.204399
1116,22023,7.849649,10.785882
1117,22025,5.0616846,7.3896565
1118,22027,3.66326,9.031592
1119,22029,3.4481156,8.883056
1120,22031,5.03877,3.4603343
1121,22033,5.302356,-8.15797
1122,22035,-3.2038124,-1.8175875
1123,22037,8.133994,17.783628
1124,22039,15.747323,-1.6305282
1125,22041,3.0955641,8.925075
1126,22043,9.73189,17.479328
1127,22045,-2.1653752,-0.87170064
1128,22047,2.9105668,3.7026827
1129,22049,7.923374,16.216623
1130,22051,0.9523364,8.487972
1131,22053,3.3647897,3.4610438
1132,22055,-4.39756,7.759478
1133,22057,11.465518,-4.5600476
1134,22059,7.9060173,-5.0244703
1135,22061,2.7976146,1.3575401
1136,22063,-1.8359538,7.0334425
1137,22065,18.916662,4.2615747
1138,22067,-7.0019093,15.040168
1139,22069,11.841754,-2.5953076
1140,22071,3.276834,-4.822033
1141,22073,0.1622403,-3.8222926
1142,22075,-2.2663171,15.989593
1143,22077,-0.27624077,2.9625347
1144,22079,15.858915,1.8821471
1145,22081,5.562391,7.2206736
1146,22083,3.1219654,8.917958
1147,22085,6.2104845,1.8857099
1148,22087,-1.8344017,-8.577581
1149,22089,-1.5113991,4.556995
1150,22091,5.9382668,7.8212442
1151,22093,1.2812144,-10.3536625
1152,22095,1.850537,6.419316
1153,22097,10.727604,7.186269
1154,22099,2.7602603,0.6916816
1155,22101,-3.9523222,-8.688971
1156,22103,-3.2265415,14.039465
1157,22105,-5.7615724,-6.16518
1158,22107,12.898011,9.339825
1159,22109,-3.8621497,-5.41104
1160,22111,9.699235,17.469076
1161,22113,2.8116872,-0.13189903
1162,22115,7.9718876,1.7256689
1163,22117,2.79775,1.3574967
1164,22119,11.841786,-2.5953424
1165,22121,16.775682,14.574437
1166,22123,6.077304,7.908324
1167,22125,0.6970045,13.462946
1168,22127,7.314898,15.3303795
1169,23001,-0.2986817,-2.0000486
1170,23003,-5.3195734,10.312119
1171,23005,16.978746,3.6657534
1172,23007,0.24599229,1.4657288
1173,23009,-1.19356,-4.750213
1174,23011,1.0838673,-5.991719
1175,23013,-6.8663125,0.3192367
1176,23017,2.7429092,-0.085567795
1177,23019,0.93238825,8.498648
1178,23023,-2.3421237,-8.389931
1179,23027,2.1639075,5.5804543
1180,23029,-11.210354,1.134041
1181,23031,20.859102,5.9380646
1182,24001,-10.43947,-1.2879103
1183,24003,17.252237,1.4253695
1184,24005,-4.691551,13.751175
1185,24009,-7.5765805,-2.1108522
1186,24011,17.307802,-5.1890655
1187,24013,-0.58217776,-0.8695605
1188,24015,19.003246,0.5452625
1189,24017,0.7796661,8.590045
1190,24019,-7.0519185,5.3607388
1191,24021,0.5204934,8.657314
1192,24023,0.2959992,1.5172895
1193,24025,-0.5489488,-2.2647283
1194,24027,-4.4154096,-3.8995812
1195,24029,7.6507697,-0.05809302
1196,24031,2.9045336,-3.1408226
1197,24033,6.176166,-11.278768
1198,24035,-5.350389,5.9661818
1199,24037,-1.30657,-2.7658384
1200,24039,-7.5765147,-2.1105402
1201,24041,6.259042,-5.084138
1202,24043,1.6487176,-6.1096287
1203,24045,-9.080804,-1.801909
1204,24047,0.16254517,-3.8215911
1205,25001,9.453778,-3.3185945
1206,25003,-4.5012875,7.8691826
1207,25005,-8.792553,8.761833
1208,25007,-0.41164702,13.299939
1209,25009,-8.03833,7.462783
1210,25011,-11.689862,12.036392
1211,25013,16.209991,-3.4121418
1212,25015,9.539291,-4.7478113
1213,25017,2.9015527,-3.1376328
1214,25019,7.7929516,0.41752094
1215,25021,-4.604964,6.024285
1216,25023,11.892323,7.4516773
1217,25025,2.8459167,-3.0741696
1218,25027,-5.851364,3.4684718
1219,26001,6.1361017,7.9589334
1220,26003,4.785238,15.242898
1221,26005,-0.9463358,6.8755198
1222,26007,4.9899154,3.3487923
1223,26009,-5.555622,-0.48630774
1224,26011,9.539188,-4.7475567
1225,26013,15.5717745,8.238039
1226,26015,9.552087,-1.9519241
1227,26017,-5.9496984,3.3771675
1228,26019,-5.6161766,7.7146826
1229,26021,-5.7734056,-6.1722455
1230,26023,1.8735833,6.4075837
1231,26025,14.053049,-7.3914385
1232,26027,-5.350327,5.9661508
1233,26029,8.829457,5.4044228
1234,26031,0.14731677,2.4850888
1235,26033,2.382195,4.5390186
1236,26035,-11.2103405,1.1340437
1237,26037,17.533705,-3.6923416
1238,26039,5.7616034,16.935404
1239,26041,-8.719698,3.7272525
1240,26043,8.919235,5.5066333
1241,26045,9.4583645,-3.314916
1242,26047,-5.8503976,0.11145998
1243,26049,9.421117,-10.040772
1244,26051,-3.314964,17.312592
1245,26053,7.386053,14.965825
1246,26055,16.977612,3.6656864
1247,26057,2.1440775,5.79167
1248,26059,2.1066947,6.521156
1249,26061,4.1897674,2.5537913
1250,26063,3.1552498,3.5234668
1251,26065,-10.276016,13.27116
1252,26067,-1.0423546,4.3644586
1253,26069,5.6875567,3.0098567
1254,26071,6.5034204,8.339333
1255,26073,4.2069592,-0.94442797
1256,26075,17.252316,1.4253477
1257,26077,13.538258,19.201372
1258,26079,7.441055,17.743498
1259,26081,16.977667,3.6656516
1260,26083,11.020397,13.168316
1261,26085,4.986887,7.550139
1262,26087,-2.6142995,18.61175
1263,26089,-10.261103,13.256469
1264,26091,10.72544,6.8660107
1265,26093,3.6878655,-5.2274265
1266,26095,14.59225,8.7287035
1267,26097,5.33244,16.378735
1268,26099,15.554457,3.7826483
1269,26101,0.27093217,2.3450933
1270,26103,6.3185844,-5.1352863
1271,26105,1.6864606,-2.0389616
1272,26107,-2.4143713,18.47578
1273,26109,-0.2900174,2.98247
1274,26111,-6.6799307,7.1356664
1275,26113,-2.6728904,1.1441202
1276,26115,-6.9744267,11.191092
1277,26117,-0.6010257,4.09601
1278,26119,15.476803,8.2567625
1279,26121,-2.0131943,21.171036
1280,26123,7.9895864,1.6923759
1281,26125,3.8730204,6.3061557
1282,26127,0.40601397,1.7024645
1283,26129,10.230382,16.912518
1284,26131,13.663781,10.589388
1285,26133,16.908222,4.6547217
1286,26135,15.062217,7.1384196
1287,26137,8.885404,5.473849
1288,26139,13.354758,4.368784
1289,26141,-4.8509116,4.701205
1290,26143,6.1742887,1.925486
1291,26145,5.308693,-8.152305
1292,26147,0.61285645,8.643205
1293,26149,-0.66685396,4.1559415
1294,26151,2.3696861,2.851617
1295,26153,5.4447618,14.9522295
1296,26155,-13.56774,3.3182929
1297,26157,-1.242393,-4.8010836
1298,26159,-10.943236,6.5889964
1299,26161,11.415611,-4.619725
1300,26163,10.719711,-0.4517462
1301,26165,3.1336815,3.562092
1302,27001,7.706723,17.393541
1303,27003,19.057518,0.6055714
1304,27005,7.8137527,0.33166435
1305,27007,8.009339,1.7137104
1306,27009,9.22403,-1.0416505
1307,27011,10.409364,10.447742
1308,27013,4.5676084,-1.1399748
1309,27015,16.53997,14.414114
1310,27017,-7.445821,0.17637333
1311,27019,0.7057466,18.531116
1312,27021,0.25312132,1.4722341
1313,27023,4.968662,11.998138
1314,27025,8.067347,-9.082582
1315,27027,13.93503,-0.22239728
1316,27029,4.603664,13.210156
1317,27031,8.585428,11.194537
1318,27033,4.7846403,12.463675
1319,27035,-0.72467124,4.206031
1320,27037,9.219141,-1.0366039
1321,27039,11.675758,-1.3461678
1322,27041,-7.31917,0.24367468
1323,27043,12.06133,1.068132
1324,27045,-10.440022,-1.2875078
1325,27047,1.5579442,-1.8987771
1326,27049,-9.97526,12.961532
1327,27051,8.528602,11.095383
1328,27053,16.228006,-3.3925335
1329,27055,17.702478,3.0229084
1330,27057,10.300267,1.6860522
1331,27059,-2.7753062,4.023058
1332,27061,2.007418,6.801392
1333,27063,6.2204733,10.604962
1334,27065,0.59798557,12.521829
1335,27067,-2.2518947,4.607534
1336,27069,11.712356,12.338294
1337,27071,5.4498067,16.554144
1338,27073,10.657584,11.3222475
1339,27075,6.872111,11.055288
1340,27077,10.673337,12.066561
1341,27079,16.169464,14.054367
1342,27081,10.598818,10.383412
1343,27083,16.785738,14.634349
1344,27085,-7.470672,0.16264659
1345,27087,14.698354,8.823734
1346,27089,6.29858,10.388153
1347,27091,0.31038475,4.307441
1348,27093,10.32377,3.4182465
1349,27095,8.851719,5.431102
1350,27097,-5.8816233,0.12759647
1351,27099,6.3085675,-5.126972
1352,27101,6.3825283,10.205164
1353,27103,-2.3421392,-8.389943
1354,27105,10.321026,1.6615989
1355,27107,4.0994053,14.693017
1356,27109,13.940886,-0.22743306
1357,27111,9.320023,-11.054178
1358,27113,1.0152875,13.053588
1359,27115,0.23277782,1.4530342
1360,27117,5.3935785,11.238906
1361,27119,-7.5766506,-2.1105244
1362,27121,6.870805,11.059206
1363,27123,14.989088,0.97628826
1364,27125,11.724298,12.354026
1365,27127,0.8341332,12.8806925
1366,27129,0.8353065,13.353573
1367,27131,-2.309772,3.5069268
1368,27133,6.9951096,10.201011
1369,27135,0.80427617,13.382113
1370,27137,-5.1240673,11.175097
1371,27139,1.3557749,-5.88635
1372,27141,14.159475,2.9067361
1373,27143,-0.20297422,13.420668
1374,27145,4.5476737,-9.239447
1375,27147,-5.5164905,-4.2045493
1376,27149,7.047154,10.173654
1377,27151,4.6165104,13.214709
1378,27153,16.815968,11.838738
1379,27155,10.628805,13.409004
1380,27157,7.05403,4.233472
1381,27159,5.7464204,16.942759
1382,27161,10.0318985,2.0256639
1383,27163,7.6588287,-0.048686665
1384,27165,4.801823,12.462265
1385,27167,7.419384,9.899116
1386,27169,11.51598,-4.503686
1387,27171,-0.07965402,-8.009333
1388,27173,5.3901834,11.183206
1389,28001,15.749698,-1.6316724
1390,28003,15.386206,-1.3585212
1391,28005,19.070766,-1.330671
1392,28007,10.334676,15.6092205
1393,28009,5.7750096,6.957941
1394,28011,15.750633,-1.6326851
1395,28013,7.228128,15.453018
1396,28015,16.48677,8.058238
1397,28017,10.010203,15.240611
1398,28019,15.060852,7.135087
1399,28021,18.857346,4.3207517
1400,28023,7.935216,16.207668
1401,28025,10.2872505,15.793998
1402,28027,3.2711313,9.090624
1403,28029,-2.7229075,-6.489656
1404,28031,3.4366817,8.875369
1405,28033,-4.8649573,17.970978
1406,28035,-0.33017564,-2.0325415
1407,28037,15.060563,7.130072
1408,28039,0.26951233,2.345999
1409,28041,12.308628,5.4580946
1410,28043,10.373513,16.04644
1411,28045,8.006362,1.654882
1412,28047,-11.426573,0.04375086
1413,28049,0.16159566,-3.8226635
1414,28051,3.307744,9.098486
1415,28053,18.769445,4.407365
1416,28055,12.81336,9.250322
1417,28057,16.908484,4.6523685
1418,28059,-9.881221,7.8520455
1419,28061,9.973404,15.1945
1420,28063,-3.2032354,-1.8177943
1421,28065,9.374633,-7.5042396
1422,28067,-5.762306,-6.1656933
1423,28069,9.336193,-7.570409
1424,28071,-1.1912469,-4.7452054
1425,28073,13.487695,-9.636171
1426,28075,-2.2634234,-2.806437
1427,28077,6.5253406,8.407572
1428,28079,-6.856332,14.880921
1429,28081,-5.992723,9.171199
1430,28083,7.52991,-10.011323
1431,28085,4.1418962,2.694954
1432,28087,2.764399,-0.10334338
1433,28089,-3.3963153,-10.199613
1434,28091,6.209843,1.8867975
1435,28093,15.375656,-1.3510807
1436,28095,2.3795028,3.6751258
1437,28097,5.085155,7.38311
1438,28099,2.829696,-10.2691
1439,28101,10.236853,16.89129
1440,28103,9.372884,-7.5082474
1441,28105,-3.951919,-8.689296
1442,28107,15.366679,-1.3449081
1443,28109,-0.24363476,-8.030724
1444,28111,6.5048456,8.3907585
1445,28113,-0.34099516,18.125032
1446,28115,3.3664036,3.4595637
1447,28117,5.6825166,3.010627
1448,28119,0.7019374,18.529867
1449,28121,-9.529372,-5.2036247
1450,28123,2.8295124,-10.269227
1451,28125,12.894684,9.338128
1452,28127,5.9108667,2.3127425
1453,28129,7.014114,17.540104
1454,28131,7.9759502,17.555906
1455,28133,-7.0647764,15.107458
1456,28135,3.0758657,9.38899
1457,28137,1.3758135,2.476537
1458,28139,10.13011,16.988964
1459,28141,7.473761,16.24595
1460,28143,9.338102,-7.5719013
1461,28145,1.2411988,2.379762
1462,28147,3.0750191,9.393988
1463,28149,2.3262665,6.1755514
1464,28151,2.79763,1.358658
1465,28153,10.471749,15.771639
1466,28155,16.31221,8.136416
1467,28157,18.851845,4.326165
1468,28159,7.4971614,14.620723
1469,28161,6.5047073,8.390606
1470,28163,-0.35210153,18.135775
1471,29001,5.6625943,2.8824475
1472,29003,17.278948,-5.160309
1473,29005,10.061311,10.192131
1474,29007,-3.3145542,17.313036
1475,29009,4.1809583,2.5935442
1476,29011,-5.8988667,17.02545
1477,29013,7.119358,17.587719
1478,29015,7.526744,14.568292
1479,29017,-4.8671227,4.7047467
1480,29019,5.304413,-8.155093
1481,29021,4.601715,-9.145629
1482,29023,7.762003,20.036522
1483,29025,4.7965837,15.30587
1484,29027,2.0289636,6.7895417
1485,29029,2.25331,6.222988
1486,29031,10.846403,7.522331
1487,29033,4.878403,15.215976
1488,29035,-9.892899,0.79758465
1489,29037,-1.1441038,6.966166
1490,29039,4.199196,7.6161146
1491,29041,4.3016834,14.69129
1492,29043,-5.9950266,9.169084
1493,29045,5.710003,14.756204
1494,29047,4.319761,-3.153581
1495,29049,16.834034,15.016383
1496,29051,0.8341854,8.561596
1497,29053,6.0449014,-6.5405965
1498,29055,9.853117,17.750116
1499,29057,15.205841,8.131031
1500,29059,7.43478,14.757493
1501,29061,4.7482595,13.722586
1502,29063,5.259148,16.361757
1503,29065,7.3995485,14.9157
1504,29067,4.240973,7.6706862
1505,29069,2.829495,-10.2690735
1506,29071,11.413885,-6.9529843
1507,29073,13.941897,-0.2306301
1508,29075,14.583662,8.742384
1509,29077,5.281636,-8.185407
1510,29079,6.2907763,8.099285
1511,29081,15.255005,8.097794
1512,29083,9.22829,17.571594
1513,29085,9.226647,-7.0818806
1514,29087,1.7375312,11.787359
1515,29089,16.50485,8.31639
1516,29091,11.841941,-2.5953155
1517,29093,7.5298843,-10.011317
1518,29095,5.313292,-8.146331
1519,29097,7.773753,0.4702587
1520,29099,14.902317,-6.5383677
1521,29101,-0.5864729,-0.8643678
1522,29103,13.766643,10.490348
1523,29105,2.349075,3.6136675
1524,29107,-6.8687596,8.268313
1525,29109,2.2572527,3.331698
1526,29111,4.9834723,15.729785
1527,29113,-1.1522856,4.421386
1528,29115,-4.8565555,4.698771
1529,29117,-2.6772425,1.1418191
1530,29119,10.000812,17.215963
1531,29121,-3.227754,14.0384245
1532,29123,6.505488,8.381191
1533,29125,5.2126994,15.088355
1534,29127,0.2924202,1.5189757
1535,29129,2.8014052,11.660819
1536,29131,0.31525138,2.2943392
1537,29133,4.0434484,7.7849727
1538,29135,0.60791767,12.532973
1539,29137,5.2306504,15.081748
1540,29139,1.7333341,-4.1689105
1541,29141,8.131974,17.754997
1542,29143,10.044557,15.283872
1543,29145,-0.04704838,-7.996491
1544,29147,-0.28275022,2.9860182
1545,29149,9.346187,-7.5769677
1546,29151,0.9506352,13.200617
1547,29153,9.223595,-7.098511
1548,29155,3.3462257,9.170098
1549,29157,0.33238056,12.04749
1550,29159,-0.42218316,18.204557
1551,29161,2.553035,2.2482038
1552,29163,7.8293424,17.21856
1553,29165,13.48773,-9.636153
1554,29167,3.2158499,3.5304327
1555,29169,-1.3078918,-4.872826
1556,29171,-0.713647,14.861702
1557,29173,6.214845,10.625551
1558,29175,-3.3342905,17.32844
1559,29177,16.79852,14.885319
1560,29179,13.631251,16.558874
1561,29181,3.0579505,9.392903
1562,29183,7.765277,20.033886
1563,29185,5.4835854,7.251491
1564,29186,10.030762,2.0277495
1565,29187,3.2549365,-0.36913046
1566,29189,-4.4118476,15.748926
1567,29195,9.778684,17.544159
1568,29197,13.721313,10.532452
1569,29199,14.8154125,8.978737
1570,29201,2.2556539,3.3587403
1571,29203,9.242629,-7.2942996
1572,29205,8.301478,12.434801
1573,29207,4.8622828,3.1693828
1574,29209,3.1700382,3.5262434
1575,29211,14.881594,8.729361
1576,29213,2.66941,0.020922832
1577,29215,-7.0125785,15.050924
1578,29217,10.290776,16.981455
1579,29219,-2.2519236,-2.8356116
1580,29221,6.07123,2.0370734
1581,29223,3.9831936,7.820138
1582,29225,2.2153833,5.4118104
1583,29227,14.58571,10.153466
1584,29229,3.5449567,8.950219
1585,30001,4.1907563,13.2662735
1586,30003,7.332801,15.562075
1587,30005,15.0377655,7.509082
1588,30007,10.61119,11.239106
1589,30009,7.5578337,11.953756
1590,30011,2.5308871,12.279975
1591,30013,10.808003,7.4785967
1592,30015,14.17783,9.15441
1593,30017,4.2331333,13.251799
1594,30019,14.646251,10.811105
1595,30021,7.770275,11.15729
1596,30025,-2.8688707,9.761478
1597,30027,4.215752,13.258196
1598,30029,-13.127405,3.3636622
1599,30031,-3.396586,-10.199448
1600,30033,14.619166,10.773713
1601,30035,-2.166363,13.264654
1602,30037,13.724847,9.841104
1603,30039,9.684335,10.187536
1604,30041,7.3344655,-3.1005807
1605,30043,-3.590631,12.727777
1606,30045,11.510049,13.615767
1607,30047,1.997672,1.0587784
1608,30049,-2.3026628,3.4749103
1609,30051,2.8660035,11.073031
1610,30053,0.7027873,18.53025
1611,30055,14.618077,10.762557
1612,30057,7.6057835,11.9103565
1613,30059,14.625316,10.777943
1614,30061,14.430348,9.075529
1615,30063,11.893114,7.4521465
1616,30065,14.3597145,9.070738
1617,30067,11.599246,-7.1209445
1618,30069,14.478254,10.403981
1619,30071,18.322,10.213473
1620,30073,14.619179,8.694506
1621,30075,2.482509,12.210839
1622,30077,8.114379,12.03799
1623,30079,14.567162,10.249207
1624,30081,1.8708094,6.392776
1625,30083,-3.6091044,12.709246
1626,30085,17.286749,-5.1693254
1627,30087,7.6918035,11.210501
1628,30089,6.5231595,8.38986
1629,30091,10.671215,12.053541
1630,30093,2.567105,3.9369287
1631,30095,-3.6756244,12.653298
1632,30097,10.782308,12.449845
1633,30099,8.106565,12.03328
1634,30101,-2.2858968,15.969129
1635,30103,6.5215,18.509577
1636,30105,1.6306432,-6.080399
1637,30107,13.701787,9.738266
1638,30109,6.517512,18.512873
1639,30111,15.554555,3.7825656
1640,31001,-3.5137746,14.853072
1641,31003,8.473013,11.098699
1642,31005,2.5868518,12.4129715
1643,31007,11.68854,13.117455
1644,31009,14.653174,10.820905
1645,31011,10.504014,10.865521
1646,31013,6.2104383,10.647429
1647,31015,14.590803,10.138826
1648,31017,2.5990407,11.757466
1649,31019,-1.6755717,5.271365
1650,31021,7.8227468,10.680046
1651,31023,7.939092,10.823861
1652,31025,10.355195,3.3863254
1653,31027,6.95089,10.239554
1654,31029,11.723345,12.350769
1655,31031,7.8073144,11.8091
1656,31033,7.6874332,11.67051
1657,31035,-0.6065212,-6.573232
1658,31037,5.5813313,11.216242
1659,31039,6.387468,10.218454
1660,31041,4.249094,13.247357
1661,31043,-7.1576366,5.2521667
1662,31045,4.648398,15.089848
1663,31047,-5.559216,-0.4834999
1664,31049,2.4226892,12.176241
1665,31051,8.567923,11.129413
1666,31053,-5.570955,15.025868
1667,31055,-1.9379021,1.4842136
1668,31057,2.7597497,12.513444
1669,31059,-0.60662305,-6.5733476
1670,31061,10.612875,13.412667
1671,31063,2.8802435,11.095562
1672,31065,9.988076,10.179821
1673,31067,-0.007696932,3.5076969
1674,31069,13.712873,9.775028
1675,31071,2.5348716,12.336415
1676,31073,-2.9554288,9.99947
1677,31075,-3.3186684,10.385701
1678,31077,3.2859476,11.362231
1679,31079,-0.690359,4.1783495
1680,31081,6.8726773,10.342642
1681,31083,10.617479,13.412345
1682,31085,2.5657346,12.390141
1683,31087,2.9365876,11.158556
1684,31089,5.4321876,11.527566
1685,31091,2.5979161,12.429577
1686,31093,10.662263,11.3283205
1687,31095,5.708767,14.756849
1688,31097,10.514621,10.9274
1689,31099,-3.8995755,12.45671
1690,31101,7.641822,11.84174
1691,31103,2.7546756,12.5233555
1692,31105,1.9536148,11.821961
1693,31107,4.5375876,14.920146
1694,31109,13.539158,19.200481
1695,31111,-6.522714,0.32101128
1696,31113,-3.3227758,10.383217
1697,31115,2.6853447,12.473764
1698,31117,11.6753435,13.131454
1699,31119,-6.5250325,0.3114199
1700,31121,7.9439087,10.82094
1701,31123,9.805204,10.163256
1702,31125,2.0269716,11.846259
1703,31127,10.666005,11.315549
1704,31129,1.8000507,11.790901
1705,31131,0.47682068,13.528837
1706,31133,3.2638242,11.352361
1707,31135,8.003385,9.10137
1708,31137,7.7280235,0.59604347
1709,31139,7.8605533,10.743509
1710,31141,16.056086,13.965864
1711,31143,7.684976,10.360531
1712,31145,-3.5136771,14.853035
1713,31147,4.4250894,14.819024
1714,31149,2.7401009,12.504371
1715,31151,6.175883,-6.433181
1716,31153,-9.963166,12.948615
1717,31155,10.343814,3.3977258
1718,31157,-9.928985,-2.1186833
1719,31159,-0.42143503,13.2871065
1720,31161,14.31409,9.069436
1721,31163,2.0943656,11.872607
1722,31165,11.473227,13.558996
1723,31167,-3.9393713,12.418934
1724,31169,10.4496565,10.4679365
1725,31171,2.722431,12.499124
1726,31173,5.6001844,14.847621
1727,31175,9.89843,10.15035
1728,31177,10.288657,3.4486814
1729,31179,5.3913374,11.194498
1730,31181,2.976176,11.586485
1731,31183,11.659684,13.154526
1732,31185,0.8503749,13.346901
1733,32001,-5.537573,-0.22560148
1734,32003,-6.6797533,7.1358047
1735,32005,13.487708,-9.636176
1736,32007,-10.537904,7.317167
1737,32009,11.4899435,13.581008
1738,32011,-2.6452389,9.157774
1739,32013,7.7243648,0.6025165
1740,32015,5.9665627,0.6092138
1741,32017,7.643709,11.361449
1742,32019,-1.1754959,4.437733
1743,32021,14.181464,9.154502
1744,32023,2.2769308,5.011793
1745,32027,14.151697,9.1734
1746,32029,-2.6308658,9.184989
1747,32031,4.7948585,-8.8405695
1748,32033,7.6157336,11.273821
1749,32510,-1.6616998,5.4313726
1750,33001,9.552076,-1.9519078
1751,33003,-1.6772016,5.264833
1752,33005,12.303593,-5.750704
1753,33007,3.3639503,3.4619222
1754,33009,13.504736,6.5016713
1755,33011,9.420931,-10.040549
1756,33013,9.4598465,-3.314186
1757,33015,5.1253066,-8.389546
1758,33017,0.7308876,8.598158
1759,33019,-2.2305264,4.6268883
1760,34001,11.892316,7.4516635
1761,34003,-4.707626,13.733198
1762,34005,4.498767,-9.330232
1763,34007,6.245102,-11.352886
1764,34009,-4.478743,7.844565
1765,34011,-7.125771,5.285579
1766,34013,2.8491268,-3.0775561
1767,34015,5.309845,-8.150651
1768,34017,14.899089,-6.5352435
1769,34019,18.321804,10.213637
1770,34021,8.06715,-9.082693
1771,34023,10.719852,-0.4516767
1772,34025,13.718937,-3.5508354
1773,34027,4.491723,-9.341728
1774,34029,20.861256,5.934182
1775,34031,-4.6849732,13.758416
1776,34033,9.181937,-1.0028574
1777,34035,9.420994,-10.040597
1778,34037,-5.704953,-3.951873
1779,34039,-4.6849856,13.75843
1780,34041,11.664405,3.5415804
1781,35001,9.539178,-4.74742
1782,35003,13.202222,9.722284
1783,35005,-5.319553,10.312085
1784,35006,5.8038464,2.5154572
1785,35007,-0.5780494,-0.8744575
1786,35009,7.9711046,1.7219743
1787,35011,13.236118,9.71822
1788,35013,-4.433235,7.7968516
1789,35015,7.782736,0.13934
1790,35017,5.8036866,2.5152965
1791,35019,12.896032,9.338062
1792,35021,21.799124,1.8711739
1793,35023,20.86102,5.9349794
1794,35025,4.480267,-1.096236
1795,35027,8.045186,17.60572
1796,35028,14.141949,2.924603
1797,35029,9.276255,3.552083
1798,35031,-6.6111293,12.684904
1799,35033,13.195329,9.724321
1800,35035,-5.3195405,10.312078
1801,35037,9.25082,-7.280905
1802,35039,8.9670315,6.632336
1803,35041,7.4683423,16.165821
1804,35043,7.8086257,0.3707625
1805,35045,4.0494256,-2.8670352
1806,35047,7.764228,0.49925178
1807,35049,-2.4066079,18.470722
1808,35051,9.322573,-7.421827
1809,35053,3.7379293,9.005601
1810,35055,-4.426409,7.78736
1811,35057,-0.22783464,-8.031853
1812,35059,14.0955105,9.240973
1813,35061,13.487708,-9.636153
1814,36001,2.9000435,-3.1360655
1815,36003,-10.943194,6.5890765
1816,36007,-8.014793,7.4371867
1817,36009,-5.766595,-3.8775673
1818,36011,-10.906701,9.1036825
1819,36013,-4.385474,7.742783
1820,36015,1.6904064,-4.2535563
1821,36017,8.006555,1.6548462
1822,36019,14.172372,2.8926852
1823,36021,7.806853,0.2695198
1824,36023,8.006783,1.655612
1825,36025,7.335817,-3.0983934
1826,36027,3.7436879,-11.0690365
1827,36029,6.0655894,-11.155262
1828,36031,-9.559593,-5.1870356
1829,36033,7.9831614,1.7052628
1830,36035,-13.432652,3.3209329
1831,36037,-1.1244477,4.4101768
1832,36039,-9.523292,-5.207027
1833,36041,7.857737,9.278233
1834,36043,-0.6879215,4.1764445
1835,36045,-0.84704214,6.9347005
1836,36049,8.858538,5.4397244
1837,36051,12.299763,-5.737197
1838,36053,4.60744,-1.1671159
1839,36055,6.3347964,-11.454376
1840,36057,-3.5123074,14.853258
1841,36059,6.0561595,-11.144595
1842,36061,-5.054046,-8.8938675
1843,36063,9.421007,-10.040617
1844,36065,-5.9642334,3.3643172
1845,36067,-7.9873986,5.371184
1846,36069,9.293238,3.52302
1847,36071,15.256448,0.0892419
1848,36073,1.82103,6.520706
1849,36075,21.799107,1.8711884
1850,36077,9.320199,-11.054329
1851,36079,1.1237036,-5.9738703
1852,36083,-4.601805,6.020913
1853,36087,-11.689841,12.036375
1854,36089,0.68871146,18.52548
1855,36091,15.554519,3.7825606
1856,36093,-4.7095733,13.732207
1857,36095,-5.6513877,-0.052052937
1858,36097,0.45300636,4.610344
1859,36099,-2.261292,-2.8124373
1860,36101,-1.2454274,17.010904
1861,36103,13.643373,-3.62121
1862,36105,17.30758,-5.188869
1863,36107,10.6323805,-3.9983354
1864,36109,-4.610595,6.0300117
1865,36111,1.6480889,-6.10931
1866,36113,-10.439726,-1.2877854
1867,36115,-11.426341,0.051691893
1868,36117,16.816036,11.838808
1869,36119,2.8507717,-3.0792575
1870,36121,-0.595573,-0.8516432
1871,36123,8.900023,5.4881907
1872,37001,9.539269,-4.7475805
1873,37003,-3.396314,-10.199602
1874,37005,6.0909586,7.9193845
1875,37007,6.110126,2.0018547
1876,37009,4.967868,3.264613
1877,37011,7.8492436,16.226143
1878,37013,2.3298128,6.181174
1879,37015,3.4595685,8.894872
1880,37017,15.773551,-1.6413246
1881,37019,-2.603813,18.599178
1882,37021,4.8377457,-8.775755
1883,37023,10.714207,7.0213737
1884,37025,-11.426547,0.043412656
1885,37027,10.738842,7.3463016
1886,37029,16.315445,5.9198647
1887,37031,4.5514846,-1.1329607
1888,37033,16.908386,4.652356
1889,37035,-3.215786,14.050334
1890,37037,17.53377,-3.6922917
1891,37039,4.9560905,3.211318
1892,37041,12.204676,5.6383777
1893,37043,16.603407,7.9868894
1894,37045,10.583902,6.650733
1895,37047,2.6431952,-0.0051522264
1896,37049,-10.036235,13.025054
1897,37051,3.8710096,6.307332
1898,37053,16.322329,14.180345
1899,37055,-0.2808863,-8.005364
1900,37057,-10.245783,13.241301
1901,37059,-2.2709706,4.5949936
1902,37061,2.7293026,-0.06478619
1903,37063,-7.2874036,3.87459
1904,37065,-3.9523277,-8.688959
1905,37067,11.6451645,-7.1653533
1906,37069,4.5545735,-1.1338766
1907,37071,-13.148966,3.3588395
1908,37073,4.7861524,12.466371
1909,37075,15.064774,7.137959
1910,37077,-1.0170922,4.347989
1911,37079,10.288288,16.986946
1912,37081,-4.4881363,-3.9664679
1913,37083,-3.9504344,-8.688588
1914,37085,15.885707,1.9075177
1915,37087,2.9365444,-0.15415114
1916,37089,-13.606358,3.31181
1917,37091,6.192649,1.9030682
1918,37093,-1.1630465,-4.7172465
1919,37095,-1.8344486,-8.57756
1920,37097,3.6698437,-5.209936
1921,37099,2.4804518,2.5326066
1922,37101,19.765354,9.145734
1923,37103,16.272161,8.148612
1924,37105,2.8571851,-0.10737874
1925,37107,2.6568298,-0.0013811352
1926,37109,5.0126796,-1.3540456
1927,37111,2.5535889,2.2403328
1928,37113,2.5343227,3.9549472
1929,37115,9.242077,17.570826
1930,37117,9.750944,17.497389
1931,37119,-8.024701,7.4497676
1932,37121,12.115553,5.980168
1933,37123,0.48888758,1.961977
1934,37125,-3.2155666,14.050372
1935,37127,19.063086,0.6116102
1936,37129,18.828169,0.34308767
1937,37131,10.432807,15.7245
1938,37133,1.3822994,-5.8987093
1939,37135,6.3798,-11.503542
1940,37137,-2.48765,18.520638
1941,37139,2.3539155,2.8915558
1942,37141,-0.7365676,4.214264
1943,37143,-3.046208,0.93455637
1944,37145,2.203232,5.4562783
1945,37147,6.27822,-5.1027536
1946,37149,0.24522781,4.122915
1947,37151,7.7640367,20.034712
1948,37153,-14.003335,7.841719
1949,37155,15.853722,1.8773723
1950,37157,10.722088,7.0730567
1951,37159,-12.218749,6.5901794
1952,37161,3.370802,-0.45432848
1953,37163,3.2781963,-0.40573302
1954,37165,15.694105,-1.5846567
1955,37167,-0.64614064,4.13436
1956,37169,-2.721264,-6.489008
1957,37171,-9.73296,3.486597
1958,37173,12.154944,5.7971673
1959,37175,14.656941,-4.9549785
1960,37177,13.472875,16.339273
1961,37179,7.322919,-3.1098511
1962,37181,2.6437314,2.0249863
1963,37183,13.523214,19.218939
1964,37185,10.28298,15.786958
1965,37187,4.987106,7.550033
1966,37189,-1.1633008,-4.7173376
1967,37191,20.072706,7.399846
1968,37193,4.0771294,-0.842792
1969,37195,7.7620053,20.03656
1970,37197,-8.755623,3.763247
1971,37199,7.936012,17.526428
1972,38001,11.939724,12.743691
1973,38003,5.413932,11.548782
1974,38005,15.095311,8.385986
1975,38007,5.996468,0.57682717
1976,38009,6.8535347,10.026532
1977,38011,-2.8399596,9.689445
1978,38013,-2.8398921,9.6841755
1979,38015,-4.354631,-3.8439705
1980,38017,13.523566,19.218327
1981,38019,7.729729,9.473183
1982,38021,10.615603,11.633032
1983,38023,-3.1820464,10.44471
1984,38025,-2.616463,9.2061825
1985,38027,11.043476,13.23816
1986,38029,9.625744,10.209392
1987,38031,8.001921,9.1044445
1988,38033,-3.206483,10.410782
1989,38035,-10.813707,9.196164
1990,38037,14.624961,9.97234
1991,38039,11.910075,12.743324
1992,38041,10.917446,12.83274
1993,38043,3.221794,11.345995
1994,38045,11.725075,12.352409
1995,38047,11.55675,13.706686
1996,38049,8.49065,11.165887
1997,38051,2.3163497,11.964628
1998,38053,-0.52711445,13.0711775
1999,38055,-3.7020266,12.628122
2000,38057,5.967119,0.60873973
2001,38059,18.874348,0.28765693
2002,38061,13.941938,-0.23071943
2003,38063,10.6801405,13.37444
2004,38065,-2.6804295,9.238032
2005,38067,6.7975106,10.034917
2006,38069,4.313365,-3.1468024
2007,38071,7.675076,-0.027835593
2008,38073,7.5213375,9.768957
2009,38075,-2.9582028,9.993194
2010,38077,0.46175495,13.534889
2011,38079,12.27552,5.5137134
2012,38081,-2.6898127,9.394636
2013,38083,13.742929,9.867627
2014,38085,13.472922,16.339062
2015,38087,6.517861,18.512276
2016,38089,-2.9364243,4.071258
2017,38091,-2.686909,9.252175
2018,38093,10.316534,1.6685067
2019,38095,10.931325,12.871288
2020,38097,6.3832083,10.202368
2021,38099,6.600712,10.714776
2022,38101,-2.046194,-0.7369282
2023,38103,7.8722053,9.260945
2024,38105,-0.24980685,-8.027729
2025,39001,4.9689007,3.2644856
2026,39003,20.098768,7.4404945
2027,39005,-1.3502264,-4.9199414
2028,39007,10.582836,6.6497216
2029,39009,-10.82356,9.18614
2030,39011,-1.7933074,4.732892
2031,39013,4.0376534,-2.85618
2032,39015,0.13670471,-7.916501
2033,39017,11.038664,0.4631461
2034,39019,0.41803682,1.7234825
2035,39021,-6.7800803,0.32301876
2036,39023,4.0581417,-2.8775353
2037,39025,5.0120645,-3.982361
2038,39027,1.8248706,6.5765634
2039,39029,-4.865034,17.971306
2040,39031,2.431105,4.3527026
2041,39033,2.399739,2.7859027
2042,39035,2.9043007,-3.1403682
2043,39037,-1.3509744,-4.9192343
2044,39039,7.318165,-3.1148539
2045,39041,17.279306,-5.1607723
2046,39043,10.636926,-3.9879832
2047,39045,8.254536,3.4108477
2048,39047,1.3494662,2.4524353
2049,39049,-8.054263,7.478656
2050,39051,-2.4698074,4.446419
2051,39053,2.0110397,1.0627787
2052,39055,-1.4909894,7.035412
2053,39057,0.08640384,-7.9515533
2054,39059,20.732975,5.9333615
2055,39061,-8.042953,7.467288
2056,39063,4.89273,-1.3027121
2057,39065,-8.077196,-6.5765986
2058,39067,-2.8482087,1.0426986
2059,39069,16.777643,14.562431
2060,39071,1.865147,6.4061575
2061,39073,1.7000642,-2.0539916
2062,39075,-1.9376005,4.707532
2063,39077,9.319956,-11.05399
2064,39079,3.3618505,3.461961
2065,39081,0.1235096,-7.9334974
2066,39083,-0.8164974,4.256117
2067,39085,15.589429,5.6326494
2068,39087,11.769954,-1.4425167
2069,39089,0.12396029,-7.933051
2070,39091,-1.8085475,4.7307096
2071,39093,11.354197,-4.6857033
2072,39095,-2.0984375,-0.79614854
2073,39097,-1.8628653,4.720861
2074,39099,0.60164964,8.641395
2075,39101,3.24688,-0.36265224
2076,39103,-6.6798153,7.1359534
2077,39105,9.764603,17.524466
2078,39107,-2.4811344,4.437451
2079,39109,-1.0148727,6.9360924
2080,39111,5.7459393,16.944986
2081,39113,-7.282818,3.8753278
2082,39115,7.3392315,15.117876
2083,39117,-7.4616566,0.16783111
2084,39119,-11.426655,0.04493225
2085,39121,-3.0501952,0.9327175
2086,39123,-7.0051785,0.32001102
2087,39125,0.3251512,12.035163
2088,39127,-5.5709357,15.0258665
2089,39129,-1.0700389,4.378692
2090,39131,5.032135,3.4590712
2091,39133,18.90661,0.4331874
2092,39135,-2.2514753,-2.8364134
2093,39137,16.04683,13.958496
2094,39139,13.3544445,4.369114
2095,39141,10.863962,7.540124
2096,39143,9.319988,-11.054031
2097,39145,-9.679701,5.9611697
2098,39147,-1.1906184,-4.7471166
2099,39149,-1.7289844,4.706669
2100,39151,4.3350697,-9.562078
2101,39153,4.3484635,-9.542728
2102,39155,14.136429,2.9303565
2103,39157,10.677328,6.823043
2104,39159,-2.521026,3.7543375
2105,39161,-4.963115,-0.33399585
2106,39163,12.411232,5.301239
2107,39165,-2.7214007,-6.4890637
2108,39167,-9.689398,5.970342
2109,39169,-0.96028894,6.8814497
2110,39171,1.7374281,-4.1633368
2111,39173,-2.604096,18.599354
2112,39175,10.343116,1.6385133
2113,40001,-6.916603,14.947945
2114,40003,10.579311,11.180804
2115,40005,7.300218,15.407705
2116,40007,10.611091,11.334556
2117,40009,-0.3099796,3.1224787
2118,40011,4.382976,13.211777
2119,40013,20.85729,5.939853
2120,40015,0.2642659,1.4819711
2121,40017,-1.8494209,7.0312753
2122,40019,11.32552,-6.875105
2123,40021,2.7741458,1.0093215
2124,40023,4.324165,7.6543584
2125,40025,2.2972908,11.954132
2126,40027,-13.049095,3.4068606
2127,40029,13.677025,10.574751
2128,40031,16.096987,2.1024172
2129,40033,14.628051,8.768852
2130,40035,12.14977,5.8039494
2131,40037,7.320589,-3.1120367
2132,40039,0.2831761,1.50561
2133,40041,2.7672303,1.6018423
2134,40043,10.282338,10.349177
2135,40045,10.669231,12.043027
2136,40047,-0.66981226,4.1585207
2137,40049,-2.0946722,-0.79087657
2138,40051,-1.661418,5.4425893
2139,40053,9.825918,10.156915
2140,40055,13.594935,16.523333
2141,40057,13.591475,9.7323885
2142,40059,11.738359,12.378335
2143,40061,19.070759,-1.3306468
2144,40063,4.1862087,7.60131
2145,40065,0.25612807,2.3595002
2146,40067,13.608985,16.53696
2147,40069,6.10727,7.9337597
2148,40071,2.2601404,6.0987315
2149,40073,0.8820725,13.26616
2150,40075,5.724607,7.4736605
2151,40077,5.8385715,7.753737
2152,40079,-3.9523473,-8.688961
2153,40081,2.5941784,3.9224892
2154,40083,-1.7082627,4.6124115
2155,40085,5.020964,15.831478
2156,40087,-2.2858634,15.969121
2157,40089,15.774672,-1.6412945
2158,40091,10.456602,15.730332
2159,40093,8.1720495,11.007776
2160,40095,7.898781,16.212105
2161,40097,1.8317884,6.438531
2162,40099,-2.9943516,0.95896524
2163,40101,4.077142,-0.84328926
2164,40103,5.1500497,11.778399
2165,40105,16.503477,8.316025
2166,40107,19.07075,-1.3306627
2167,40109,18.875978,0.28690764
2168,40111,4.188094,2.5224342
2169,40113,8.002758,1.716141
2170,40115,-11.210334,1.1340191
2171,40117,7.045944,17.550108
2172,40119,10.80866,7.473382
2173,40121,2.5728319,2.187991
2174,40123,-8.767997,3.7753148
2175,40125,4.329512,-1.0317663
2176,40127,5.5129952,7.6804423
2177,40129,10.623799,11.684941
2178,40131,-1.4144384,7.02274
2179,40133,6.1416326,1.9631797
2180,40135,2.78187,1.6167626
2181,40137,2.2661302,6.089628
2182,40139,0.33745322,4.348218
2183,40141,15.217498,8.04217
2184,40143,17.252115,1.425437
2185,40145,5.0045023,-1.3612338
2186,40147,-1.3417182,-4.9091425
2187,40149,5.3352056,16.386137
2188,40151,4.603524,13.210002
2189,40153,10.255231,1.7421227
2190,41001,18.323977,10.211558
2191,41003,-5.8891435,3.4343917
2192,41005,-4.6106024,6.0298986
2193,41007,-1.2720455,-2.7305665
2194,41009,-9.08077,-1.8018847
2195,41011,1.5253843,-5.9771757
2196,41013,0.09301411,3.009722
2197,41015,7.051882,4.2313704
2198,41017,0.5067741,8.667286
2199,41019,-0.30248362,-2.0030842
2200,41021,11.872801,12.74342
2201,41023,9.283143,3.5379648
2202,41025,13.935742,-0.22254871
2203,41027,-7.0718236,5.3405867
2204,41029,-5.76009,-6.1643786
2205,41031,7.7579937,0.097156525
2206,41033,-7.398978,-3.967255
2207,41035,3.7436886,-11.069015
2208,41037,14.142099,9.183889
2209,41039,16.220398,-3.3975313
2210,41041,8.967174,6.6318398
2211,41043,18.872593,0.28884056
2212,41045,-6.9745164,11.190182
2213,41047,6.1590443,-11.259443
2214,41049,-10.538041,7.317069
2215,41051,2.8455997,-3.0739107
2216,41053,11.039055,0.46250308
2217,41055,-3.1952417,10.392665
2218,41057,15.589375,5.632789
2219,41059,4.238581,-3.0701873
2220,41061,8.966914,6.6322494
2221,41063,7.0886374,4.273917
2222,41065,13.935012,-0.22232355
2223,41067,2.9165516,-3.151816
2224,41069,-5.5144067,-4.2195635
2225,41071,-4.5016117,7.8692937
2226,42001,-5.350461,5.9664845
2227,42003,6.0539107,-11.141976
2228,42005,6.1540537,-4.984305
2229,42007,-7.157583,5.252782
2230,42009,8.005926,1.655537
2231,42011,13.754248,-3.5268111
2232,42013,-2.5113025,18.538534
2233,42015,14.864755,-6.4988375
2234,42017,12.60337,2.4055085
2235,42019,4.1359625,-2.9593852
2236,42021,14.053044,-7.391418
2237,42023,14.800834,9.027693
2238,42025,-9.522686,-5.209962
2239,42027,2.4300234,-8.051176
2240,42029,13.589593,-3.6698527
2241,42031,2.327036,3.0067437
2242,42033,14.864457,-6.498664
2243,42035,2.2209113,5.3835816
2244,42037,9.287971,3.5304277
2245,42039,-1.3004171,-2.7622035
2246,42041,-12.218745,6.590181
2247,42043,13.539098,19.200426
2248,42045,2.854518,-3.085271
2249,42047,-5.0403543,-0.30566293
2250,42049,13.583736,-3.674578
2251,42051,20.095062,7.433527
2252,42053,15.134404,8.24667
2253,42055,8.067189,-9.082628
2254,42057,12.098952,1.0331128
2255,42059,-2.263084,-2.807812
2256,42061,-0.43877465,18.221252
2257,42063,-10.979284,9.029998
2258,42065,-14.00327,7.841736
2259,42067,8.777175,5.3388457
2260,42069,-10.833113,9.17656
2261,42071,16.815958,11.838709
2262,42073,-2.405952,18.470255
2263,42075,10.629689,-10.059568
2264,42077,10.719724,-0.45165235
2265,42079,18.355522,6.5465493
2266,42081,-7.3989573,-3.96725
2267,42083,2.3734887,2.850119
2268,42085,9.457526,-3.315389
2269,42087,-2.1422324,-0.8470525
2270,42089,-2.0131872,21.171017
2271,42091,-7.998185,5.370086
2272,42093,0.3213257,13.533332
2273,42095,-5.8357687,3.4822016
2274,42097,-4.8649454,17.97097
2275,42099,-1.7942516,4.730512
2276,42101,-5.0540357,-8.893857
2277,42103,-6.611152,12.684911
2278,42105,7.7321877,17.383413
2279,42107,20.093021,7.4313993
2280,42109,-6.8970904,0.3191672
2281,42111,7.764414,20.034433
2282,42113,17.266817,-5.1481915
2283,42115,10.6374445,-3.9898117
2284,42117,4.338157,-3.1731627
2285,42119,1.8937585,6.882621
2286,42121,1.0848709,-5.9868712
2287,42123,-2.013199,21.171017
2288,42125,20.844772,5.94775
2289,42127,11.387966,-4.6485276
2290,42129,-3.8623583,-5.411086
2291,42131,16.778267,14.56036
2292,42133,-7.159705,5.2492833
2293,44003,13.776902,-3.506153
2294,44005,-7.287514,3.8745394
2295,44007,6.349137,-11.470366
2296,44009,-4.49412,7.8610253
2297,45001,9.868893,17.823456
2298,45003,7.3285213,-3.105658
2299,45005,18.836456,4.3414674
2300,45007,15.256167,0.08922182
2301,45009,11.771804,-1.4437774
2302,45011,10.47892,15.924638
2303,45013,3.6751313,-5.2148404
2304,45015,-2.054351,-0.73797846
2305,45017,7.9060616,-5.0244823
2306,45019,-7.050625,5.362059
2307,45021,2.6906784,-0.025164016
2308,45023,4.0646586,3.001391
2309,45025,2.7930002,1.2950063
2310,45027,15.769587,-1.6390541
2311,45029,15.4864,-1.4369409
2312,45031,11.497495,-4.524259
2313,45033,13.488184,-9.636096
2314,45035,6.3654666,-5.178196
2315,45037,0.4857828,1.9173551
2316,45039,10.098846,17.033895
2317,45041,-10.53781,7.3171787
2318,45043,14.124297,2.9416106
2319,45045,12.308266,-5.757874
2320,45047,4.060125,-0.8321618
2321,45049,-5.514187,-4.2622128
2322,45051,14.908701,-6.5449996
2323,45053,5.013448,3.3942466
2324,45055,-9.733699,3.4867215
2325,45057,10.726812,6.8664217
2326,45059,3.3777137,-0.45878336
2327,45061,3.5366333,9.075136
2328,45063,17.702278,3.0230002
2329,45065,5.3982825,14.9803295
2330,45067,7.1397076,4.3332872
2331,45069,-7.043667,15.086471
2332,45071,-8.768329,3.7757351
2333,45073,-13.063941,3.3965876
2334,45075,10.727185,7.134787
2335,45077,20.789255,5.952026
2336,45079,-8.012676,7.435021
2337,45081,8.125696,17.762203
2338,45083,1.6483506,-6.109579
2339,45085,20.730934,5.9328623
2340,45087,5.452768,2.9780037
2341,45089,11.675371,-1.3456362
2342,45091,-13.156375,3.360145
2343,46003,11.939113,12.743654
2344,46005,0.44012228,4.5785155
2345,46007,13.472477,16.336943
2346,46009,10.781985,10.291317
2347,46011,-7.4936066,0.14879158
2348,46013,-7.1834793,0.27128938
2349,46015,10.059279,10.200575
2350,46017,12.819708,9.257573
2351,46019,16.41954,8.232962
2352,46021,2.5790465,12.392861
2353,46023,4.75405,15.23761
2354,46025,9.838522,10.154297
2355,46027,5.7288747,16.958838
2356,46029,-5.2815967,-0.18620355
2357,46031,13.200023,9.728699
2358,46033,6.3298764,10.313287
2359,46035,0.3117254,4.3109336
2360,46037,4.039531,14.683313
2361,46039,8.801824,11.239076
2362,46041,14.707807,8.619246
2363,46043,11.931015,12.729623
2364,46045,7.8661466,9.271116
2365,46047,5.6995754,14.763825
2366,46049,10.640912,13.38313
2367,46051,7.2566013,9.999496
2368,46053,-0.7262138,14.865734
2369,46055,11.4611,13.540407
2370,46057,-3.9277859,12.430123
2371,46059,10.81249,12.546728
2372,46061,-2.7865045,9.574422
2373,46063,11.879907,12.704544
2374,46065,-0.419853,13.288792
2375,46067,8.022214,11.174478
2376,46069,11.529996,13.283163
2377,46071,13.196218,9.724353
2378,46073,2.3753953,12.098555
2379,46075,6.5167227,18.513489
2380,46077,8.698848,11.208309
2381,46079,0.8646804,13.332296
2382,46081,8.929619,5.516411
2383,46083,-2.5300636,3.7455432
2384,46085,9.575645,10.24189
2385,46087,7.627724,10.249705
2386,46089,13.954549,10.270217
2387,46091,-0.60696954,-6.57341
2388,46093,-5.5385594,-0.13676442
2389,46095,13.0172825,9.46277
2390,46097,11.560203,13.714355
2391,46099,3.8683507,6.309586
2392,46101,7.838825,10.703722
2393,46103,20.06908,7.396846
2394,46105,11.857775,12.640387
2395,46107,11.924469,12.731723
2396,46109,16.426323,8.257441
2397,46111,11.931429,12.726524
2398,46115,10.786246,10.286524
2399,46117,-2.6576288,9.19638
2400,46119,-3.1501403,10.278439
2401,46121,9.353308,-7.4742055
2402,46123,8.208978,12.300935
2403,46125,7.0242476,10.186515
2404,46127,0.11487747,-7.9368973
2405,46129,4.0276566,14.691531
2406,46135,-5.554755,-0.4957213
2407,46137,13.002996,9.449066
2408,47001,10.8443,7.520908
2409,47003,7.988306,1.6834476
2410,47005,7.4275227,14.802538
2411,47007,7.335425,15.119998
2412,47009,15.9786215,1.9949808
2413,47011,-0.78253156,6.938128
2414,47013,2.782315,1.617785
2415,47015,12.119517,1.0122981
2416,47017,4.9736586,3.2635899
2417,47019,4.9675937,-4.022538
2418,47021,-10.537912,7.317133
2419,47023,7.066985,17.562628
2420,47025,-11.210362,1.1339884
2421,47027,9.232552,-7.278327
2422,47029,15.698882,-1.5956182
2423,47031,-1.1642003,-4.7181473
2424,47033,12.135255,5.9298496
2425,47035,2.7727485,-0.10860307
2426,47037,17.702465,3.0229018
2427,47039,16.614449,7.9729457
2428,47041,14.947415,18.168928
2429,47043,1.7373023,-4.163333
2430,47045,7.325333,-3.1082952
2431,47047,-7.0695214,0.30094552
2432,47049,10.3354225,15.609158
2433,47051,1.8461205,6.421751
2434,47053,2.7711747,0.9855311
2435,47055,1.3785965,2.4741392
2436,47057,9.924222,17.317417
2437,47059,4.078104,-0.84370977
2438,47061,4.1824746,7.7069507
2439,47063,3.27079,-0.3772329
2440,47065,0.16982011,-3.817586
2441,47067,-3.185304,-1.8035381
2442,47069,6.10345,2.0150702
2443,47071,6.00629,2.1411302
2444,47073,-5.736553,-3.91188
2445,47075,7.474256,14.671499
2446,47077,4.9994874,3.3877032
2447,47079,3.9471166,3.0970035
2448,47081,-3.3245342,17.320372
2449,47083,5.4325294,14.960137
2450,47085,-3.609667,-3.0661159
2451,47087,19.070763,-1.3306686
2452,47089,-1.2070075,-4.7611713
2453,47091,3.5732226,8.939352
2454,47093,13.583857,-3.67448
2455,47095,9.232782,-7.278382
2456,47097,5.7984443,2.5378184
2457,47099,2.4895616,2.4996326
2458,47101,6.5102086,8.388195
2459,47103,14.657098,-4.954944
2460,47105,-1.6690229,5.397434
2461,47107,2.7594135,0.69020075
2462,47109,5.657308,2.8556347
2463,47111,9.868316,17.82272
2464,47113,-7.0507784,5.3619347
2465,47115,1.7001007,-2.0539358
2466,47117,14.656977,-4.9549503
2467,47119,-5.6082006,-4.0697007
2468,47121,5.1211762,16.196756
2469,47123,2.329828,6.181186
2470,47125,3.511592,-5.048985
2471,47129,10.216804,16.895922
2472,47131,4.3134074,3.0127141
2473,47133,10.227462,17.007738
2474,47135,15.31788,8.155927
2475,47137,-0.7093987,14.85907
2476,47139,7.887588,16.215609
2477,47141,-4.761908,-1.7242391
2478,47143,3.6813917,3.271537
2479,47145,-1.356064,-4.925601
2480,47147,5.012893,-3.981373
2481,47149,20.79787,5.9709167
2482,47151,-6.9075427,14.937971
2483,47153,-2.844732,1.0443034
2484,47155,9.5394,-4.7478223
2485,47157,-8.774533,8.777941
2486,47159,0.28771996,4.248751
2487,47161,5.7345676,16.919638
2488,47163,-6.9744315,11.189789
2489,47165,-10.944604,6.5864224
2490,47167,-1.0441518,4.3659415
2491,47171,7.7922025,17.261114
2492,47173,7.526271,14.568528
2493,47175,13.657291,16.592457
2494,47177,-6.0320945,-9.38735
2495,47179,-7.1556525,5.2546163
2496,47181,7.4428787,14.752858
2497,47183,4.126454,2.7718256
2498,47185,4.9685373,3.2642007
2499,47187,7.0348344,4.2151084
2500,47189,-9.956015,12.941251
2501,48001,2.7557957,-0.09545185
2502,48003,19.557627,10.361832
2503,48005,4.3069787,-3.1396544
2504,48007,0.2523336,2.3639355
2505,48009,7.0287323,10.224115
2506,48011,-3.3042617,10.391887
2507,48013,7.982309,1.6965123
2508,48015,16.572195,14.3575735
2509,48017,5.59973,14.84801
2510,48019,1.3397098,-10.402018
2511,48021,-9.558062,-5.1876264
2512,48023,14.688223,9.616993
2513,48025,4.065072,2.9879227
2514,48027,-11.426495,0.046105806
2515,48029,14.989111,0.97631717
2516,48031,16.315584,5.919862
2517,48033,-2.7240508,9.3266325
2518,48035,-3.6097043,-3.0660977
2519,48037,-1.8344288,-8.577642
2520,48039,0.09209332,-7.9488664
2521,48041,-0.48571515,-2.1983986
2522,48043,17.308489,-5.189747
2523,48045,14.649162,10.815529
2524,48047,-3.1852856,-1.8034562
2525,48049,2.383841,4.5066957
2526,48051,0.28897578,11.9931
2527,48053,-13.302346,3.3327143
2528,48055,11.621128,-7.140585
2529,48057,0.024248037,3.322981
2530,48059,-3.0025346,0.95428467
2531,48061,10.633572,-10.055579
2532,48063,12.416833,5.2931986
2533,48065,-3.897385,12.458635
2534,48067,2.0026374,1.058733
2535,48069,5.5818176,14.86119
2536,48071,-0.76042205,8.481265
2537,48073,2.743167,0.6596972
2538,48075,15.11124,8.322701
2539,48077,6.2124133,10.631223
2540,48079,2.860901,11.058939
2541,48081,3.031618,11.452695
2542,48083,15.063164,7.2124357
2543,48085,20.730915,5.932811
2544,48087,13.836412,10.419331
2545,48089,-0.31140962,3.194947
2546,48091,-1.8517972,7.0264544
2547,48093,12.067165,1.0635356
2548,48095,-0.726062,14.865489
2549,48097,11.514191,-4.506046
2550,48099,-6.9744997,11.1900425
2551,48101,13.724621,9.8266535
2552,48103,7.5832567,9.679129
2553,48105,9.687022,10.197912
2554,48107,13.630076,16.559732
2555,48109,14.592179,10.698639
2556,48111,10.786285,10.286756
2557,48113,10.719692,-0.4516341
2558,48115,12.409469,5.3035307
2559,48117,7.9850826,17.552326
2560,48119,8.29799,12.434272
2561,48121,-6.9745297,11.1901655
2562,48123,-0.5250694,3.270573
2563,48125,13.940907,10.250867
2564,48127,5.5108542,7.680151
2565,48129,14.684037,9.652754
2566,48131,4.888594,7.53131
2567,48133,7.971969,17.550558
2568,48135,13.354735,4.368786
2569,48137,13.710107,9.739561
2570,48139,3.7367985,-5.2760963
2571,48141,13.941609,-0.22824264
2572,48143,2.2468605,6.022648
2573,48145,13.935732,-0.22257763
2574,48147,-6.4506288,0.34817633
2575,48149,13.5043545,6.5013833
2576,48151,2.9298916,11.637797
2577,48153,13.666375,10.586673
2578,48155,13.729651,9.828682
2579,48157,-9.881584,7.852441
2580,48159,5.233516,16.230549
2581,48161,-0.51566434,3.2574275
2582,48163,7.4641366,16.214235
2583,48165,10.29617,1.6905887
2584,48167,14.178451,2.8883674
2585,48169,5.693404,14.77367
2586,48171,16.523449,14.368246
2587,48173,5.9916105,0.5830359
2588,48175,7.9947877,11.162496
2589,48177,0.058820117,3.661392
2590,48179,-0.040463235,3.4850748
2591,48181,1.6984209,-4.2172337
2592,48183,12.308264,-5.757821
2593,48185,0.29908985,1.5277257
2594,48187,3.7531338,-5.289666
2595,48189,4.1145525,2.7561119
2596,48191,13.001761,9.447975
2597,48193,4.4740844,14.534159
2598,48195,-0.60686886,-6.5733967
2599,48197,14.66362,9.117107
2600,48199,-1.145898,4.419093
2601,48201,-9.881615,7.8524747
2602,48203,11.620805,-7.1406546
2603,48205,-0.65916944,12.902084
2604,48207,13.66352,10.589624
2605,48209,11.15115,-6.7226014
2606,48211,-2.6210945,9.1957035
2607,48213,10.739946,7.349527
2608,48215,-3.2171562,14.048933
2609,48217,-8.717589,3.7255661
2610,48219,-0.28443995,2.9890826
2611,48221,-1.055572,4.3753047
2612,48223,-5.5709467,15.025873
2613,48225,10.0773325,17.072887
2614,48227,-9.928957,-2.11869
2615,48229,14.151139,9.178245
2616,48231,10.722286,6.8629384
2617,48233,1.3416582,-10.404253
2618,48235,-3.3202603,10.388868
2619,48237,4.4673114,14.556286
2620,48239,6.175935,-6.433176
2621,48241,2.5693407,3.9382114
2622,48243,11.485688,13.577114
2623,48245,11.664305,3.541485
2624,48247,13.6169405,16.545378
2625,48249,-6.0321054,-9.3873415
2626,48251,-9.680242,5.961917
2627,48253,8.148031,17.709461
2628,48255,-2.6409717,1.1666454
2629,48257,14.210786,2.856313
2630,48259,-0.7608337,8.481039
2631,48261,14.550499,10.326063
2632,48263,2.6572437,12.450298
2633,48265,-1.359827,-4.928437
2634,48267,14.562738,9.097134
2635,48269,-3.2795477,10.39274
2636,48271,14.482784,9.083916
2637,48273,4.263939,3.0138948
2638,48275,13.768394,10.488922
2639,48277,-1.6991477,-6.027594
2640,48279,12.350069,5.393586
2641,48281,10.295816,1.6918007
2642,48283,15.066448,7.433641
2643,48285,0.31540585,4.316469
2644,48287,6.359284,-5.1715565
2645,48289,7.077099,17.569294
2646,48291,7.755258,0.5497248
2647,48293,9.841161,17.713871
2648,48295,8.00165,9.104346
2649,48297,5.2732425,16.37815
2650,48299,1.3414342,-10.403877
2651,48301,6.0003924,0.5734217
2652,48303,18.355534,6.546545
2653,48305,14.583223,8.738908
2654,48307,15.52646,8.253873
2655,48309,18.91538,0.44196537
2656,48311,-2.72782,9.362458
2657,48313,7.9060974,-5.0244107
2658,48315,5.8370476,7.7312975
2659,48317,-0.60657316,-6.5732946
2660,48319,9.913621,10.165991
2661,48321,-8.708322,3.7155805
2662,48323,2.6471448,-0.0068902755
2663,48325,-1.6770743,5.260152
2664,48327,13.253484,9.712667
2665,48329,3.7446105,-5.2816443
2666,48331,0.31542173,2.2943656
2667,48333,1.6352859,11.73421
2668,48335,4.423418,14.716106
2669,48337,0.32452148,4.3354583
2670,48339,13.505269,6.5018163
2671,48341,1.3415927,-10.403993
2672,48343,-5.899028,17.025364
2673,48345,14.379028,10.390752
2674,48347,4.199807,-3.028495
2675,48349,-1.6994303,-6.0288386
2676,48351,12.15553,5.787273
2677,48353,12.253099,5.5643907
2678,48355,-5.6588964,3.6300983
2679,48357,4.3796835,13.215526
2680,48359,-3.3333468,10.398848
2681,48361,-2.2516644,-2.8363576
2682,48363,1.2430526,2.3804245
2683,48365,0.090834,3.002891
2684,48367,-1.8145055,7.0539675
2685,48369,4.4245806,13.206042
2686,48371,7.549638,17.431828
2687,48373,-1.6991581,-6.0275154
2688,48375,18.993483,0.5352494
2689,48377,15.0287695,7.515301
2690,48379,5.405468,16.510511
2691,48381,-1.8299258,7.0356655
2692,48383,-2.6291726,9.27061
2693,48385,13.787944,10.470037
2694,48387,-5.898781,17.025515
2695,48389,7.665519,17.407753
2696,48391,5.580521,14.868102
2697,48393,-2.6922202,9.263207
2698,48395,7.774616,17.426994
2699,48397,-1.6266996,7.0312223
2700,48399,16.531998,8.02734
2701,48401,-1.199979,-4.75391
2702,48403,6.450977,8.280298
2703,48405,15.06119,7.1339645
2704,48407,1.2858757,2.405733
2705,48409,-5.6213503,-4.0521297
2706,48411,14.565157,8.732209
2707,48413,2.2991035,11.947177
2708,48415,6.0887427,-6.497645
2709,48417,8.001411,9.103994
2710,48419,5.7157044,3.0425441
2711,48421,8.001657,9.103014
2712,48423,-2.013191,21.171057
2713,48425,6.9803724,10.206153
2714,48427,9.289604,3.5265093
2715,48429,16.308187,8.162627
2716,48431,-3.1895943,10.338793
2717,48433,2.4991167,12.292257
2718,48435,11.747314,12.395943
2719,48437,15.467551,8.253672
2720,48439,1.0861924,-5.98923
2721,48441,-11.689854,12.03638
2722,48443,14.506556,10.429532
2723,48445,-5.8990884,17.025534
2724,48447,14.585948,10.175635
2725,48449,3.181905,3.542688
2726,48451,-1.834493,-8.577566
2727,48453,-1.9367099,1.4848871
2728,48455,7.3363853,15.120499
2729,48457,9.620445,17.49982
2730,48459,2.1781964,5.864304
2731,48461,10.623655,11.686827
2732,48463,5.804421,2.5171552
2733,48465,13.957784,-0.2449569
2734,48467,-1.1885108,-4.7448835
2735,48469,18.355455,6.5464206
2736,48471,4.032619,-0.81695914
2737,48473,-1.6789764,5.3477254
2738,48475,5.0176077,11.94307
2739,48477,-6.444554,0.35590392
2740,48479,13.935757,-0.22263452
2741,48481,2.2013881,5.926386
2742,48483,4.030583,14.695918
2743,48485,-1.3042039,-2.7643256
2744,48487,-4.8369265,4.730214
2745,48489,3.0902252,8.990097
2746,48491,-6.6110826,12.684872
2747,48493,-2.3309739,3.8223078
2748,48495,7.9386773,10.823689
2749,48497,-2.2986784,3.4701388
2750,48499,11.457468,-6.9914007
2751,48501,7.0628366,10.17102
2752,48503,0.4461753,4.59981
2753,48505,3.074101,9.397592
2754,48507,2.8767438,9.534669
2755,49001,7.8898134,11.147873
2756,49003,11.663324,3.5414016
2757,49005,0.94193506,8.492837
2758,49007,-2.1543653,-0.8602032
2759,49009,-3.2198536,10.358984
2760,49011,16.361326,-3.2689145
2761,49013,16.883974,15.10976
2762,49015,9.288765,3.5264783
2763,49017,7.7591515,11.793455
2764,49019,-2.166133,13.264841
2765,49021,-1.2262081,-4.783904
2766,49023,-2.1665757,13.264629
2767,49025,7.6597724,11.861009
2768,49027,6.9567275,11.039775
2769,49029,10.595546,3.1373017
2770,49031,14.263428,10.353205
2771,49033,-2.9568803,9.983002
2772,49035,-4.4483943,-6.151142
2773,49037,7.1343966,4.326708
2774,49039,11.348662,-4.6902146
2775,49041,11.217523,-6.7821846
2776,49043,-2.1427808,14.513415
2777,49045,3.8729239,6.306423
2778,49047,-7.5274057,0.12667394
2779,49049,-10.959772,9.050286
2780,49051,-9.523262,-5.206693
2781,49053,1.6183168,-6.067442
2782,49055,2.3139765,11.971303
2783,49057,16.221478,-3.3982897
2784,50001,-0.605599,-2.3285425
2785,50003,9.456522,-3.3165057
2786,50005,17.305809,-5.1872573
2787,50007,-8.001515,5.369964
2788,50009,-9.689925,5.9708686
2789,50011,0.52602947,8.656311
2790,50015,11.679481,-1.3503497
2791,50017,16.54415,14.347625
2792,50019,-13.606868,3.3117466
2793,50021,16.345306,-3.2852838
2794,50023,0.94667375,8.489514
2795,50025,13.3540125,4.3695564
2796,50027,11.664325,3.541468
2797,51001,-10.187262,-2.9741812
2798,51003,-4.4757047,-3.95518
2799,51005,12.296407,-5.7342324
2800,51007,1.2241449,13.094043
2801,51009,15.256331,0.08928972
2802,51011,0.6747001,5.0679536
2803,51013,3.4270163,-4.9619284
2804,51015,4.8361077,-1.2754503
2805,51017,10.344609,10.4020605
2806,51019,14.129045,2.9373484
2807,51021,4.2990584,14.650374
2808,51023,-2.9332469,4.0675573
2809,51025,7.904605,16.215939
2810,51027,3.1123123,8.996376
2811,51029,19.765522,9.146626
2812,51031,13.48769,-9.636159
2813,51033,14.184113,2.8830614
2814,51035,6.047898,-11.135471
2815,51036,7.886879,10.763834
2816,51037,-5.8990593,17.025345
2817,51041,13.487652,-9.636028
2818,51043,19.557566,10.361818
2819,51045,10.406314,10.446285
2820,51047,-2.3473103,3.801588
2821,51049,16.505627,8.318794
2822,51051,4.3422194,7.6394553
2823,51053,-5.444193,-0.10802832
2824,51057,4.7830515,12.462855
2825,51059,-4.610358,6.029652
2826,51061,-2.5251436,3.7447946
2827,51063,-2.6077583,1.1933045
2828,51065,-3.5136724,14.853031
2829,51067,-13.051223,3.4052825
2830,51069,-1.4355649,7.025611
2831,51071,0.6215619,4.9609632
2832,51073,-2.7865171,4.0502467
2833,51075,10.547424,3.1886494
2834,51077,-5.5989757,-7.512333
2835,51079,7.7818027,20.017706
2836,51081,16.613533,7.99344
2837,51083,4.1394806,2.70387
2838,51085,4.954576,-4.036041
2839,51087,10.622955,-10.06677
2840,51089,-3.9515498,-8.68878
2841,51091,3.2842882,11.356163
2842,51093,11.149848,-6.7212353
2843,51097,10.73579,10.316696
2844,51099,10.536292,3.197082
2845,51101,-0.3132032,13.380077
2846,51103,4.8244505,12.363074
2847,51105,-6.963873,14.999788
2848,51107,-4.4016733,7.7603254
2849,51109,-7.6060615,0.07311721
2850,51111,-5.899115,17.025333
2851,51113,-2.478094,18.514456
2852,51115,7.043812,10.179169
2853,51117,1.998308,1.0582709
2854,51119,5.3747916,11.485597
2855,51121,-8.002062,5.370318
2856,51125,-9.733774,3.4866414
2857,51127,10.606418,3.1288183
2858,51131,16.611734,7.986181
2859,51133,1.414961,13.139457
2860,51135,6.360818,17.276356
2861,51137,-7.611343,0.06939202
2862,51139,0.014186086,2.7504194
2863,51141,7.5883455,16.367012
2864,51143,2.7541194,-0.09164716
2865,51145,10.530752,3.2047951
2866,51147,-0.07307698,2.7645414
2867,51149,-2.6528184,4.2297635
2868,51153,15.589382,5.6329327
2869,51155,-10.943208,6.589026
2870,51157,-0.65944076,12.901595
2871,51159,2.8536546,-3.0827396
2872,51161,4.324209,-9.576941
2873,51163,-9.963103,12.948539
2874,51165,-13.602455,3.31198
2875,51167,5.806494,2.5172384
2876,51169,10.187997,16.87791
2877,51171,1.9052917,6.8057895
2878,51173,4.756307,3.129647
2879,51175,6.032784,-6.552542
2880,51177,10.637848,-3.9889066
2881,51179,4.079692,-2.8991668
2882,51181,-3.2275763,14.038591
2883,51183,-6.6797495,7.1358457
2884,51185,-6.0321364,-9.387381
2885,51187,-2.5679736,4.334711
2886,51191,2.7608404,0.69525
2887,51193,-5.6280003,7.7260513
2888,51195,15.522642,-1.4626378
2889,51197,1.240116,2.378984
2890,51199,-0.46928754,18.251686
2891,51510,3.7274501,-5.2638583
2892,51520,9.965268,15.184729
2893,51530,14.597669,8.765245
2894,51540,1.8762921,6.9203653
2895,51550,3.444288,-4.979499
2896,51570,0.5277396,12.401265
2897,51580,-0.7089258,14.858532
2898,51590,11.841864,-2.5952759
2899,51595,13.550125,16.458239
2900,51610,10.594931,3.1418204
2901,51630,-5.4748516,-0.11507158
2902,51640,13.569196,16.489489
2903,51650,15.949056,1.9673303
2904,51660,2.724751,0.56494325
2905,51670,9.922512,17.311699
2906,51678,4.3647575,14.714001
2907,51680,10.739309,7.348834
2908,51683,-2.7969642,3.9961505
2909,51685,-0.47842178,13.130359
2910,51690,3.9788506,7.821397
2911,51700,3.669984,-5.210392
2912,51710,3.4506335,-4.985842
2913,51720,13.193376,9.723761
2914,51730,-11.209983,1.1358367
2915,51735,10.605535,3.1279225
2916,51740,10.609802,6.6981373
2917,51750,7.504669,14.603702
2918,51775,16.780802,14.623628
2919,51790,0.28763467,2.3256478
2920,51800,-1.4249097,7.0267534
2921,51810,3.275435,-4.8209023
2922,51820,-0.118065365,2.801451
2923,51830,12.083636,1.0472058
2924,51840,1.7049273,-2.058488
2925,53001,0.34978217,4.3625636
2926,53003,11.620892,-7.1406446
2927,53005,-5.689565,3.606495
2928,53007,2.4300392,-8.051123
2929,53009,4.7648993,-8.886882
2930,53011,13.816566,-3.4735677
2931,53013,10.621636,11.68909
2932,53015,9.137464,-0.9620332
2933,53017,13.756987,-3.5248804
2934,53019,15.067032,7.5060415
2935,53021,-7.286815,3.8744276
2936,53023,11.560134,13.714475
2937,53025,20.0753,7.410757
2938,53027,-3.224062,14.042098
2939,53029,13.503613,6.5009327
2940,53031,-8.765396,8.787119
2941,53033,-4.4118714,15.749219
2942,53035,-4.356103,-3.845232
2943,53037,14.221322,2.8458858
2944,53039,-2.0518305,-0.73574996
2945,53041,-0.57827765,-0.8742973
2946,53043,7.5541406,11.951389
2947,53045,8.967272,6.6323085
2948,53047,-0.3562055,18.140274
2949,53049,18.322859,10.2128525
2950,53051,-3.0072367,0.95200646
2951,53053,12.60319,2.4055176
2952,53055,0.30320337,13.531358
2953,53057,-2.1421494,14.510924
2954,53059,11.33578,-4.704889
2955,53061,-5.841751,3.4771352
2956,53063,16.264666,-3.358126
2957,53065,21.799114,1.8711634
2958,53067,-5.958844,3.370585
2959,53069,8.820208,11.248906
2960,53071,13.81177,-3.4774175
2961,53073,-8.042109,7.466387
2962,53075,-1.6990845,-6.0274277
2963,53077,-5.12398,11.175372
2964,55001,10.294952,16.983025
2965,55003,6.3162427,-5.1331515
2966,55005,2.031473,6.465634
2967,55007,9.450011,-3.324936
2968,55009,9.12637,-0.9511933
2969,55011,0.931564,13.228857
2970,55013,13.478427,-5.550842
2971,55015,6.379783,-5.191974
2972,55017,1.7360721,-4.1648254
2973,55019,-6.506406,0.31544095
2974,55021,-0.5781696,-0.874476
2975,55023,0.54236674,4.841621
2976,55025,10.632888,-3.9973505
2977,55027,5.0113926,-1.3500358
2978,55029,16.545496,14.355875
2979,55031,4.4907956,-9.344635
2980,55033,1.8865407,6.8968225
2981,55035,13.537559,19.202204
2982,55037,10.619671,11.664959
2983,55039,0.16258845,-3.8222797
2984,55041,5.3313622,15.023154
2985,55043,-2.2634125,-2.806011
2986,55045,-7.601027,0.0766029
2987,55047,0.42457417,12.200164
2988,55049,10.324783,3.417431
2989,55051,8.308167,12.4409895
2990,55053,1.2252526,-10.303769
2991,55055,5.011488,-1.3507122
2992,55057,8.85997,5.440079
2993,55059,5.242649,-8.233301
2994,55061,16.88637,15.110217
2995,55063,-8.793234,8.760991
2996,55065,0.4496038,13.531054
2997,55067,0.32689142,4.33461
2998,55069,-5.3304205,-0.16608153
2999,55071,-5.997244,9.16703
3000,55073,21.170198,0.3816772
3001,55075,1.8730339,6.3307624
3002,55077,6.392773,17.290691
3003,55078,-0.7108739,14.859712
3004,55079,-4.4483953,-6.1511354
3005,55081,-9.968886,12.954601
3006,55083,-7.312325,0.24292478
3007,55085,-6.4514194,0.349287
3008,55087,-2.7213068,-6.489007
3009,55089,-9.968879,12.954598
3010,55091,7.9396644,10.816308
3011,55093,-9.681073,5.9627986
3012,55095,-2.2076085,4.6251335
3013,55097,4.629989,-1.1830777
3014,55099,5.584351,16.726578
3015,55101,-5.123963,11.175385
3016,55103,6.0415545,-6.5437093
3017,55105,-10.187277,-2.974158
3018,55107,-3.0569773,0.928982
3019,55109,9.276662,3.5512974
3020,55111,-9.559701,-5.1870227
3021,55113,7.123609,17.57864
3022,55115,-6.870623,0.3205898
3023,55117,4.3623915,-9.52325
3024,55119,10.207756,1.8077389
3025,55121,-5.500996,-0.11301011
3026,55123,1.5468506,-1.88728
3027,55125,-0.2847626,3.0052562
3028,55127,-1.0882016,6.952008
3029,55129,0.6595554,5.031921
3030,55131,6.3687744,-5.182128
3031,55133,-2.0131688,21.171057
3032,55135,-1.6740836,5.28786
3033,55137,8.901601,5.4901123
3034,55139,4.647297,-9.071768
3035,55141,4.6391225,-1.1887096
3036,56001,2.2794328,5.001814
3037,56003,5.424536,11.511344
3038,56005,-2.640845,3.8833535
3039,56007,6.9530225,11.039387
3040,56009,-3.5649753,12.75386
3041,56011,-3.8011096,12.540649
3042,56013,2.2753155,5.0225844
3043,56015,12.069194,1.0621927
3044,56017,9.782771,10.178118
3045,56019,7.710463,11.193204
3046,56021,21.170189,0.38167652
3047,56023,-0.43616906,13.265165
3048,56025,-1.2691133,-2.7270563
3049,56027,11.494735,13.589948
3050,56029,-5.5454845,-0.1391247
3051,56031,7.8569036,11.284665
3052,56033,-5.556957,-0.11836838
3053,56035,-0.6473993,12.918448
3054,56037,-2.6706924,3.9101179
3055,56039,10.609127,3.1241128
3056,56041,-2.2660947,15.989532
3057,56043,7.9093046,11.191895
3058,56045,8.0025835,11.182327
